GameDate,Team,PA,AB,R,H,HR,RBI,BB,HBP,SO,GO,FO,NP,GDP,LOB,AVG,OPS,LI_b,WPA_b,RE24_b,IP,TBF,H_p,R_p,ER,BB_p,HBP_p,K,HR_p,GSC,ERA,WHIP,LI_p,WPA_p,RE24_p,NP_total,NP_strike,IR,IS,Result,home_away
2025-03-22,4,36,33,2,7,0,2,3,0,8,11,4,132,1,14,0.212,0.52,0.99,-0.141,-3.84,8.0,47,15,12,10,5,2,8,2,15,11.25,2.5,0.19,-0.359,-5.92,187,117,3,1,0,0
2025-03-22,8,47,37,12,15,2,10,5,2,8,7,11,187,1,29,0.405,1.165,0.93,0.358,5.93,9.0,36,7,2,2,3,0,8,0,59,2.0,1.11,0.2,0.141,3.83,132,84,0,0,1,1
2025-03-22,1,44,36,5,9,0,5,8,0,14,6,9,193,0,22,0.25,0.719,2.63,0.025,-0.53,8.0,37,8,6,6,3,2,7,1,42,6.75,1.38,1.27,-0.525,-1.07,139,80,0,0,0,0
2025-03-22,5,37,30,6,8,1,6,3,2,7,4,9,139,0,16,0.267,0.728,2.11,0.525,1.07,9.0,44,9,5,5,8,0,14,0,37,5.0,1.89,1.4,-0.026,0.54,193,116,8,1,1,1
2025-03-22,3,41,39,5,14,2,5,1,1,8,5,10,151,3,17,0.359,0.928,1.82,0.017,-0.46,8.0,47,18,13,13,4,1,9,2,12,14.63,2.75,0.45,-0.517,-9.14,171,105,2,2,0,0
2025-03-22,2,47,41,13,18,2,13,4,1,9,9,8,171,0,20,0.439,1.172,1.97,0.518,9.15,9.0,41,14,5,5,1,1,8,2,53,5.0,1.67,0.25,-0.017,0.46,151,106,0,0,1,1
2025-03-22,6,36,33,4,6,1,4,2,1,9,9,8,156,0,9,0.182,0.583,3.5,0.141,-1.15,9.0,39,12,3,3,1,1,7,1,48,3.0,1.44,1.71,0.359,3.13,149,95,0,0,1,0
2025-03-22,7,39,36,3,12,1,3,1,1,7,10,7,149,1,15,0.333,0.831,3.99,-0.36,-3.15,9.0,36,6,4,4,2,1,9,1,69,4.0,0.89,1.01,-0.141,1.15,156,103,1,0,0,1
2025-03-22,9,38,34,2,7,0,2,3,1,11,8,10,145,0,15,0.206,0.554,2.69,-0.127,-4.17,8.0,38,12,9,9,3,0,5,1,64,10.13,1.88,1.58,-0.375,-3.52,156,97,3,3,0,0
2025-03-22,0,38,35,9,12,1,9,3,0,5,11,5,156,1,8,0.343,0.909,2.77,0.377,3.54,9.0,38,7,2,2,3,1,11,0,68,2.0,1.11,1.27,0.126,4.15,145,96,5,2,1,1
2025-03-23,4,35,31,2,6,0,2,4,0,7,4,9,146,2,13,0.194,0.512,1.64,-0.288,-4.17,8.0,38,13,10,10,2,0,10,5,41,11.25,1.88,0.18,-0.212,-4.53,162,97,1,1,0,0
2025-03-23,8,38,36,10,13,5,10,2,0,10,10,7,162,0,8,0.361,1.228,0.82,0.211,4.54,9.0,35,6,2,2,4,0,7,0,78,2.0,1.11,0.79,0.287,4.15,146,95,3,1,1,1
2025-03-23,1,38,36,2,9,0,2,2,0,12,7,6,142,0,16,0.25,0.622,2.43,-0.307,-3.49,8.0,35,10,5,5,3,0,8,0,45,5.63,1.63,0.65,-0.191,-0.12,120,81,5,2,0,0
2025-03-23,5,35,31,5,10,0,5,3,0,8,6,9,120,1,13,0.323,0.694,1.79,0.192,0.11,9.0,38,9,2,2,2,0,12,0,53,2.0,1.22,1.05,0.309,3.49,142,97,1,0,1,1
2025-03-23,3,43,38,7,11,1,7,2,3,12,6,11,174,1,23,0.289,0.793,1.7,-0.06,2.5,8.0,44,15,11,8,4,0,8,4,28,9.0,2.38,0.37,-0.438,-6.12,166,106,0,0,0,0
2025-03-23,2,44,39,11,15,4,10,4,0,8,8,7,166,0,21,0.385,1.15,0.69,0.438,6.11,9.0,43,11,7,7,2,3,12,1,50,7.0,1.44,0.86,0.062,-2.5,174,111,4,3,1,1
2025-03-23,6,43,38,4,8,2,4,4,0,7,19,5,147,2,11,0.211,0.733,3.36,-0.283,-3.52,10.1,44,7,5,4,4,1,5,0,50,3.48,1.06,1.76,-0.217,1.51,149,91,1,1,0,0
2025-03-23,7,44,38,5,7,0,5,4,1,5,14,9,149,0,13,0.184,0.536,3.33,0.217,-1.52,11.0,43,8,4,4,4,0,7,2,54,3.27,1.09,2.1,0.282,3.53,147,100,1,0,1,1
2025-03-23,9,38,32,5,10,1,5,4,1,7,12,6,144,1,15,0.313,0.905,1.5,0.195,-1.17,9.0,37,6,4,3,3,0,9,2,52,3.0,1.0,1.61,0.307,1.15,144,92,3,0,1,0
2025-03-23,0,37,34,4,6,2,4,3,0,9,5,10,144,0,11,0.176,0.684,2.92,-0.305,-1.16,9.0,38,10,5,5,4,1,7,1,41,5.0,1.56,0.63,-0.194,1.15,144,87,1,0,0,1
2025-03-25,6,30,29,0,2,0,0,1,0,9,10,5,111,0,6,0.069,0.169,2.56,-0.569,-5.5,8.0,35,6,5,4,3,2,7,0,71,4.5,1.13,0.83,0.07,-0.12,149,92,5,3,0,0
2025-03-25,8,35,29,5,6,0,4,3,2,7,8,7,149,0,19,0.207,0.6,3.55,-0.069,0.13,9.0,30,2,0,0,1,0,9,0,82,0.0,0.33,0.91,0.57,5.49,111,73,0,0,1,1
2025-03-25,4,45,38,3,10,0,3,5,0,6,13,12,167,2,21,0.263,0.665,2.88,-0.048,-3.65,11.0,41,4,2,2,5,0,6,2,67,1.64,0.82,2.84,0.547,4.64,155,99,1,0,1,0
2025-03-25,5,41,35,2,4,2,2,5,0,6,12,6,155,0,14,0.114,0.511,2.81,-0.549,-4.65,11.0,45,10,3,2,5,0,6,0,60,1.64,1.36,1.57,0.049,3.64,167,109,4,0,0,1
2025-03-25,1,38,36,3,12,0,3,1,1,10,11,6,152,1,18,0.333,0.729,1.62,0.008,-2.44,8.0,39,12,8,8,4,1,4,2,37,9.0,2.0,0.55,-0.511,-3.16,179,106,2,1,0,0
2025-03-25,7,39,34,8,12,2,8,4,1,4,7,6,179,0,12,0.353,1.083,1.19,0.51,3.16,9.0,38,12,3,3,1,1,10,0,40,3.0,1.44,0.53,-0.01,2.47,152,102,2,0,1,1
2025-03-25,9,42,35,5,10,0,5,4,1,11,6,6,154,0,24,0.286,0.671,1.65,0.013,-0.51,8.0,44,12,14,9,8,1,9,4,23,10.13,2.5,0.47,-0.513,-9.1,178,103,0,0,0,0
2025-03-25,2,44,33,14,12,4,13,8,1,9,4,12,178,2,18,0.364,1.306,1.28,0.512,9.11,9.0,42,10,5,5,4,1,11,0,40,5.0,1.56,0.45,-0.013,0.49,154,97,0,0,1,1
2025-03-25,3,40,36,6,10,1,6,2,1,9,10,8,144,0,13,0.278,0.714,2.27,0.055,0.51,8.0,45,17,11,10,3,0,5,5,20,11.25,2.5,0.33,-0.556,-7.12,148,92,0,0,0,0
2025-03-25,0,45,40,11,17,5,11,3,0,5,10,7,148,0,25,0.425,1.28,1.07,0.555,7.12,9.0,40,10,6,5,2,1,9,1,54,5.0,1.33,0.55,-0.056,-0.51,144,91,2,1,1,1
2025-03-26,6,30,28,0,2,0,0,2,0,5,6,7,100,1,3,0.071,0.24,1.17,-0.407,-4.46,8.0,41,10,4,4,8,1,9,1,47,4.5,2.25,0.47,-0.093,0.87,171,100,1,0,0,0
2025-03-26,8,41,31,4,10,1,4,8,1,9,8,11,171,1,23,0.323,0.915,5.98,0.094,-0.85,9.0,30,2,0,0,2,0,5,0,86,0.0,0.44,0.64,0.407,4.46,100,70,0,0,1,1
2025-03-26,4,32,31,1,7,0,1,1,0,6,6,4,114,3,10,0.226,0.476,2.65,-0.534,-4.13,8.0,34,7,3,3,5,0,9,1,59,3.38,1.5,0.79,0.033,2.46,120,78,5,0,0,0
2025-03-26,5,34,27,3,7,1,3,5,0,9,14,4,120,0,16,0.259,0.819,2.43,-0.034,-2.47,9.0,32,7,1,1,1,0,6,0,62,1.0,0.89,1.65,0.533,4.14,114,77,1,0,1,1
2025-03-26,1,37,37,3,10,0,3,0,0,7,11,8,106,0,14,0.27,0.594,2.47,-0.046,-2.45,9.0,37,9,2,2,3,0,5,0,47,2.0,1.33,2.44,0.547,3.47,150,97,3,0,1,0
2025-03-26,7,37,34,2,9,0,2,3,0,5,9,10,150,1,18,0.265,0.677,7.02,-0.547,-3.46,9.0,37,10,3,3,0,0,7,0,46,3.0,1.11,0.92,0.047,2.46,106,79,0,0,0,1
2025-03-26,9,46,37,8,15,1,7,5,2,3,8,10,157,2,15,0.405,1.138,1.28,0.343,2.52,9.0,37,6,6,6,1,2,9,1,59,6.0,0.78,0.78,0.156,-0.52,148,94,2,1,1,0
2025-03-26,2,37,34,6,6,1,6,1,2,9,7,9,148,0,11,0.176,0.567,1.7,-0.156,0.53,9.0,46,15,8,8,5,2,3,1,25,8.0,2.22,0.4,-0.344,-2.52,157,92,4,2,0,1
2025-03-26,3,55,47,17,21,1,15,7,1,6,10,10,180,1,24,0.447,1.144,1.26,0.706,10.55,9.0,53,13,10,8,12,0,7,0,28,8.0,2.78,0.33,-0.204,-4.52,217,119,2,0,1,0
2025-03-26,0,53,41,10,13,0,10,12,0,7,6,14,217,0,31,0.317,0.96,1.63,0.205,4.54,9.0,55,21,17,13,7,1,6,1,27,13.0,3.11,0.47,-0.705,-10.54,180,107,3,2,0,1
2025-03-27,6,31,27,1,2,0,1,3,0,5,11,6,122,1,7,0.074,0.278,3.4,-0.622,-4.55,8.0,34,5,2,2,4,0,7,0,71,2.25,1.13,1.37,0.123,2.93,131,80,4,0,0,0
2025-03-27,8,34,30,2,5,0,2,4,0,7,10,10,131,0,13,0.167,0.465,4.78,-0.123,-2.95,9.0,31,2,1,1,3,0,5,0,79,1.0,0.56,1.57,0.624,4.56,122,80,0,0,1,1
2025-03-27,4,36,26,2,2,0,2,6,3,10,5,6,146,2,17,0.077,0.383,2.04,-0.268,-3.55,8.0,37,11,5,5,3,0,10,0,51,5.63,1.75,1.31,-0.231,-0.06,147,96,7,0,0,0
2025-03-27,5,37,34,5,11,0,5,3,0,10,7,7,147,1,19,0.324,0.731,4.07,0.232,0.07,9.0,36,2,2,2,6,3,10,0,50,2.0,0.89,1.14,0.269,3.55,146,80,1,0,1,1
2025-03-27,1,40,34,3,8,1,3,3,3,9,7,7,167,1,18,0.235,0.732,2.77,-0.323,-2.46,8.0,35,7,4,4,2,2,10,1,45,4.5,1.13,0.31,-0.177,0.87,145,94,2,0,0,0
2025-03-27,7,35,31,4,7,1,4,2,2,10,10,7,145,0,14,0.226,0.637,0.98,0.178,-0.88,9.0,40,8,3,1,3,3,9,1,63,1.0,1.22,0.82,0.322,2.48,167,104,2,2,1,1
2025-03-27,9,49,40,11,17,1,11,6,0,7,10,11,185,2,27,0.425,1.079,2.23,0.559,6.53,9.0,39,5,5,5,7,0,4,1,38,5.0,1.33,1.52,-0.059,0.47,161,95,1,0,1,0
2025-03-27,2,39,30,5,5,1,2,7,0,4,6,9,161,0,16,0.167,0.683,1.84,0.059,-0.48,9.0,49,17,11,9,6,0,7,1,36,9.0,2.56,1.28,-0.559,-6.53,185,115,6,1,0,1
2025-03-27,3,44,34,5,9,0,4,7,0,6,9,10,160,0,29,0.265,0.705,4.57,0.52,-0.46,9.0,39,6,3,3,7,1,5,1,54,3.0,1.44,1.34,-0.02,3.47,150,83,0,0,1,0
2025-03-27,0,39,31,3,6,1,3,7,1,5,10,9,150,1,14,0.194,0.682,2.12,0.02,-3.45,9.0,44,9,5,3,7,0,6,0,59,3.0,1.78,2.17,-0.522,0.45,160,92,4,0,0,1
2025-03-28,2,32,30,0,6,0,0,2,0,6,4,7,117,1,7,0.2,0.483,13.0,-0.555,-5.45,8.0,28,4,2,2,1,0,11,0,76,2.25,0.63,0.63,0.053,2.86,99,74,0,0,0,0
2025-03-28,1,28,27,2,4,0,2,1,0,11,8,8,99,1,4,0.148,0.401,2.0,-0.054,-2.86,9.0,32,6,0,0,2,0,6,0,73,0.0,0.89,1.25,0.554,5.47,117,69,2,0,1,1
2025-03-28,5,35,34,3,7,1,3,1,0,10,10,5,135,0,11,0.206,0.553,2.54,-0.178,-2.48,8.0,40,11,9,7,4,0,10,1,42,7.88,1.88,0.43,-0.322,-5.15,154,99,0,0,0,0
2025-03-28,3,40,35,9,11,1,7,4,0,10,7,8,154,0,17,0.314,0.946,1.53,0.321,5.13,9.0,35,7,3,3,1,0,10,1,69,3.0,0.89,0.24,0.179,2.47,135,97,0,0,1,1
2025-03-28,0,37,33,2,8,1,2,3,0,11,13,2,141,1,16,0.242,0.661,2.01,-0.145,-3.47,8.0,37,7,7,5,6,1,7,1,69,5.63,1.63,1.79,-0.353,-3.14,172,102,5,4,0,0
2025-03-28,6,37,30,7,7,1,6,6,1,7,8,7,172,1,12,0.233,0.811,4.48,0.354,3.14,9.0,37,8,2,2,3,0,11,1,62,2.0,1.22,0.54,0.145,3.47,141,92,2,0,1,1
2025-03-28,7,37,34,2,7,0,2,3,0,8,12,7,141,0,17,0.206,0.564,2.42,-0.217,-3.37,9.0,34,4,0,0,1,0,9,0,81,0.0,0.56,2.44,0.716,5.38,130,91,1,0,1,0
2025-03-28,4,34,32,0,4,0,0,1,0,9,9,10,130,0,13,0.125,0.277,3.15,-0.715,-5.37,9.0,37,7,2,2,3,0,8,0,66,2.0,1.11,0.73,0.216,3.38,141,84,3,0,0,1
2025-03-28,8,47,36,8,11,1,6,8,1,8,6,7,181,1,29,0.306,0.888,4.48,0.539,1.46,9.0,39,9,4,4,4,1,10,0,56,4.0,1.44,2.58,-0.04,1.53,157,104,2,0,1,0
2025-03-28,9,39,34,4,9,0,4,4,1,10,10,6,157,1,19,0.265,0.653,4.49,0.041,-1.52,9.0,47,11,8,6,8,1,8,1,55,6.0,2.11,1.95,-0.539,-1.48,181,110,4,2,0,1
2025-03-29,2,47,41,13,15,0,9,5,0,9,9,7,189,0,17,0.366,0.874,2.34,0.468,7.58,9.0,32,3,2,2,2,0,8,0,56,2.0,0.56,0.39,0.033,3.44,126,86,1,0,1,0
2025-03-29,1,32,29,2,3,0,2,2,0,8,10,7,126,1,8,0.103,0.294,0.86,-0.033,-3.45,9.0,47,15,13,9,5,0,9,0,51,9.0,2.22,0.87,-0.467,-7.57,189,120,8,5,0,1
2025-03-29,5,34,33,1,7,0,1,1,0,8,8,6,114,1,15,0.212,0.538,3.31,-0.524,-3.47,8.0,36,9,3,3,3,1,7,2,51,3.38,1.5,0.9,0.025,1.86,156,97,0,0,0,0
2025-03-29,3,36,32,3,9,2,3,3,1,7,8,8,156,1,18,0.281,0.83,3.47,-0.026,-1.86,9.0,34,7,1,1,1,0,8,0,69,1.0,0.89,1.44,0.525,3.47,114,79,0,0,1,1
2025-03-29,0,38,30,4,6,2,4,7,0,9,7,8,161,2,17,0.2,0.775,3.62,-0.178,-1.45,8.0,37,9,5,2,3,1,7,0,55,2.25,1.5,2.07,-0.323,-0.15,145,89,3,2,0,0
2025-03-29,6,37,32,5,9,0,5,3,1,7,11,5,145,1,18,0.281,0.705,7.36,0.323,0.15,9.0,38,6,4,4,7,0,9,2,43,4.0,1.44,1.52,0.177,1.46,161,94,0,0,1,1
2025-03-29,7,37,32,1,6,0,1,5,0,9,11,6,143,2,14,0.188,0.485,5.42,-0.45,-4.52,8.0,33,8,3,3,1,0,5,1,54,3.38,1.13,0.64,-0.051,1.9,101,71,0,0,0,0
2025-03-29,4,33,30,3,8,1,3,1,0,5,10,6,101,0,16,0.267,0.757,1.87,0.051,-1.9,9.0,37,6,1,1,5,0,9,0,61,1.0,1.22,1.3,0.449,4.51,143,84,0,0,1,1
2025-03-29,8,49,39,14,12,2,12,8,0,5,9,7,184,0,25,0.308,0.904,1.31,0.425,9.54,9.0,36,8,4,4,1,0,9,3,49,4.0,1.0,0.22,0.074,0.47,133,96,0,0,1,0
2025-03-29,9,36,35,4,8,3,4,1,0,9,11,12,133,1,17,0.229,0.736,1.73,-0.073,-0.46,9.0,49,12,14,9,8,0,5,2,22,9.0,2.22,0.22,-0.426,-9.54,184,121,0,0,0,1
2025-03-30,2,33,30,3,5,0,3,3,0,3,7,11,133,1,7,0.167,0.475,1.85,-0.128,-1.44,9.0,33,4,2,2,2,0,8,1,58,2.0,0.67,2.49,0.627,3.47,119,77,0,0,1,0
2025-03-30,1,33,30,2,4,1,2,2,0,8,12,10,119,0,11,0.133,0.415,8.74,-0.627,-3.44,9.0,33,5,3,2,3,0,3,0,59,2.0,0.89,0.79,0.128,1.46,133,79,0,0,0,1
2025-03-30,5,41,30,8,6,1,8,6,2,4,6,12,158,1,18,0.2,0.659,1.36,0.143,2.56,9.0,38,7,2,2,4,1,5,1,61,2.0,1.22,1.25,0.357,3.45,152,93,4,0,1,0
2025-03-30,3,38,32,2,7,1,2,4,1,5,8,10,152,1,18,0.219,0.637,2.05,-0.357,-3.44,9.0,41,6,8,7,6,2,4,1,59,7.0,1.33,0.79,-0.144,-2.54,158,87,6,5,0,1
2025-03-30,0,37,35,5,11,1,5,1,0,7,9,9,117,2,14,0.314,0.79,2.69,0.261,-0.5,9.0,38,6,3,3,4,2,8,0,54,3.0,1.11,1.72,0.239,1.52,163,101,2,0,1,0
2025-03-30,6,38,32,3,6,0,3,4,2,8,11,5,163,1,17,0.188,0.597,3.01,-0.24,-1.53,9.0,37,11,5,5,1,0,7,1,55,5.0,1.33,0.98,-0.262,0.51,117,77,1,1,0,1
2025-04-02,4,40,34,6,10,2,6,2,3,6,9,10,163,1,16,0.294,0.963,1.05,0.256,0.48,9.0,34,8,2,1,1,0,6,0,52,1.0,1.0,0.75,0.244,1.5,152,101,1,0,1,0
2025-04-02,6,34,33,2,8,0,1,1,0,6,8,11,152,1,15,0.242,0.507,1.76,-0.245,-1.5,9.0,40,10,6,6,2,3,6,2,31,6.0,1.33,0.39,-0.256,-0.5,163,94,0,0,0,1
2025-04-02,3,35,33,3,5,1,3,1,1,13,13,5,136,0,10,0.152,0.473,2.75,-0.258,-1.43,8.0,41,7,5,3,6,1,6,1,40,3.38,1.63,1.49,-0.243,-0.16,158,85,5,0,0,0
2025-04-02,1,41,33,5,7,1,2,6,1,6,5,10,158,0,29,0.212,0.653,4.46,0.243,0.17,9.0,35,5,3,3,1,1,13,1,58,3.0,0.67,1.24,0.257,1.45,136,91,0,0,1,1
2025-04-02,8,42,34,5,9,1,5,6,1,10,10,5,180,0,19,0.265,0.763,1.13,-0.019,-0.51,8.0,36,9,9,9,3,0,7,1,8,10.13,1.5,0.3,-0.479,-4.11,168,100,0,0,0,0
2025-04-02,7,36,32,9,9,1,9,3,0,7,6,9,168,0,8,0.281,0.833,0.65,0.479,4.11,9.0,42,9,5,5,6,1,10,1,35,5.0,1.67,0.62,0.021,0.51,180,119,5,2,1,1
2025-04-02,2,37,32,4,7,0,4,4,0,10,4,10,146,1,11,0.219,0.587,2.68,0.111,-1.45,9.0,35,4,2,2,4,0,12,1,62,2.0,0.89,1.37,0.39,3.46,154,94,0,0,1,0
2025-04-02,0,35,31,2,4,1,2,4,0,12,5,10,154,0,10,0.129,0.487,2.64,-0.391,-3.45,9.0,37,7,4,4,4,0,10,0,60,4.0,1.22,1.23,-0.111,1.45,146,87,1,0,0,1
2025-04-03,3,35,32,1,7,0,1,3,0,9,9,7,133,2,15,0.219,0.599,3.12,-0.274,-3.45,8.0,36,8,6,2,3,0,9,2,56,2.25,1.38,0.3,-0.225,-1.16,133,88,1,0,0,0
2025-04-03,1,36,33,6,8,2,6,3,0,9,7,8,133,2,15,0.242,0.761,0.78,0.223,1.16,9.0,35,7,1,1,3,0,9,0,63,1.0,1.11,0.6,0.275,3.43,133,88,3,1,1,1
2025-04-03,8,40,36,5,9,1,5,3,0,5,12,4,139,1,22,0.25,0.697,2.25,0.111,-0.51,9.0,37,7,1,1,5,0,7,0,53,1.0,1.33,1.0,0.389,4.49,147,89,4,0,1,0
2025-04-03,7,37,32,1,7,0,1,5,0,7,14,6,147,2,14,0.219,0.637,2.61,-0.389,-4.48,9.0,40,9,5,3,3,0,5,1,53,3.0,1.33,0.43,-0.111,0.49,139,99,1,0,0,1
2025-04-03,2,36,33,1,4,0,1,1,2,6,8,9,128,0,20,0.121,0.376,4.62,-0.418,-4.49,8.0,32,4,3,3,4,0,6,0,51,3.38,1.0,0.32,-0.083,1.89,117,79,0,0,0,0
2025-04-03,0,32,28,3,4,0,3,4,0,6,15,7,117,0,9,0.143,0.464,1.89,0.083,-1.89,9.0,36,4,1,0,1,2,6,0,72,0.0,0.56,1.29,0.417,4.5,128,81,0,0,1,1
2025-04-03,4,39,35,4,10,0,4,2,0,10,11,5,125,0,19,0.286,0.745,2.37,0.144,-1.5,9.0,39,7,2,2,5,0,9,0,54,2.0,1.33,2.31,0.355,3.49,154,93,4,2,1,0
2025-04-03,6,39,34,2,7,0,2,5,0,9,11,5,154,0,20,0.206,0.573,6.89,-0.357,-3.48,9.0,39,10,4,4,2,0,10,0,67,4.0,1.33,1.15,-0.144,1.49,125,84,0,0,0,1
2025-04-04,0,42,37,2,10,0,2,5,0,7,10,7,154,0,27,0.27,0.681,2.87,-0.231,-3.44,8.0,38,10,8,8,5,0,6,0,39,9.0,1.88,0.43,-0.271,-3.15,141,87,3,3,0,0
2025-04-04,8,38,32,8,10,0,7,5,0,6,7,10,141,1,10,0.313,0.833,1.53,0.271,3.16,9.0,42,10,2,2,5,0,7,0,46,2.0,1.67,1.03,0.231,3.47,154,94,1,0,1,1
2025-04-04,7,49,40,2,10,0,1,8,0,12,9,14,199,1,26,0.25,0.65,4.66,-0.616,-5.73,10.2,52,8,3,3,12,0,8,0,43,2.53,1.88,1.85,0.116,4.72,197,124,1,0,0,0
2025-04-04,5,52,39,3,8,0,3,12,0,8,9,8,197,0,36,0.205,0.623,2.97,-0.117,-4.73,11.0,49,10,2,1,8,0,12,0,53,0.82,1.64,2.19,0.616,5.71,199,126,0,0,1,1
2025-04-04,1,51,46,15,19,1,11,4,1,5,6,11,179,1,21,0.413,1.123,2.17,0.562,9.5,9.0,38,8,3,3,3,0,10,0,50,3.0,1.22,0.3,-0.061,2.49,155,99,0,0,1,0
2025-04-04,4,38,35,3,8,0,3,3,0,10,13,8,155,0,16,0.229,0.632,1.35,0.06,-2.48,9.0,51,19,15,13,4,1,5,1,40,13.0,2.56,0.38,-0.56,-9.5,179,116,2,2,0,1
2025-04-04,6,31,31,0,3,0,0,0,0,8,7,8,109,0,7,0.097,0.194,0.98,-0.305,-5.44,8.0,39,9,5,5,5,1,8,2,30,5.63,1.75,0.2,-0.196,-0.16,157,102,3,0,0,0
2025-04-04,2,39,33,5,9,2,5,5,1,8,8,10,157,0,15,0.273,0.87,1.5,0.196,0.17,9.0,31,3,0,0,0,0,8,0,78,0.0,0.33,0.27,0.304,5.46,109,84,0,0,1,1
2025-04-04,9,37,32,1,6,0,1,4,0,10,6,6,139,0,15,0.188,0.497,3.61,-0.48,-4.43,8.0,35,7,5,5,5,0,9,1,50,5.63,1.5,0.57,-0.019,-0.16,140,81,4,3,0,0
2025-04-04,3,35,28,5,7,1,5,5,0,9,9,7,140,1,13,0.25,0.757,1.57,0.019,0.15,9.0,37,6,1,1,4,0,10,0,70,1.0,1.11,0.74,0.481,4.45,139,85,2,0,1,1
2025-04-05,1,34,32,1,7,0,1,1,0,11,8,8,127,0,10,0.219,0.492,1.36,-0.332,-3.5,8.0,39,11,6,5,3,0,8,1,36,5.63,1.75,0.34,-0.168,-1.13,172,111,4,3,0,0
2025-04-05,4,39,35,6,11,1,5,3,0,8,6,8,172,0,17,0.314,0.825,1.63,0.167,1.12,9.0,34,7,1,1,1,0,11,0,77,1.0,0.89,0.28,0.333,3.49,127,84,2,0,1,1
2025-04-05,6,43,35,7,8,3,7,8,0,6,10,12,184,0,18,0.229,0.886,2.01,0.557,3.56,9.0,39,10,6,6,3,0,4,3,36,6.0,1.44,0.71,-0.056,-0.56,145,85,1,0,1,0
2025-04-05,2,39,36,6,10,3,6,3,0,4,10,11,145,0,13,0.278,0.916,1.1,0.058,0.56,9.0,43,8,7,6,8,0,6,3,61,6.0,1.78,0.9,-0.557,-3.58,184,116,2,0,0,1
2025-04-05,9,43,36,7,12,1,7,3,2,9,9,7,166,1,21,0.333,0.905,2.03,0.452,1.57,9.0,39,4,5,5,8,1,8,1,39,5.0,1.33,1.94,0.049,0.46,161,94,5,1,1,0
2025-04-05,3,39,29,5,4,1,4,8,1,8,8,8,161,1,17,0.138,0.574,3.35,-0.05,-0.46,9.0,43,12,7,7,3,2,9,1,29,7.0,1.67,1.17,-0.451,-1.55,166,106,4,4,0,1
2025-04-06,0,32,30,1,4,0,1,1,1,10,3,12,121,1,8,0.133,0.388,2.14,-0.291,-4.45,8.0,33,6,5,4,3,1,7,0,51,4.5,1.13,0.34,-0.208,0.83,122,74,0,0,0,0
2025-04-06,8,33,26,5,6,0,4,3,1,7,8,7,122,0,10,0.231,0.582,1.71,0.208,-0.84,9.0,32,4,1,1,1,1,10,0,73,1.0,0.56,0.39,0.292,4.43,121,85,0,0,1,1
2025-04-06,7,32,29,0,6,0,0,2,1,4,11,5,126,2,12,0.207,0.557,4.61,-0.686,-5.49,8.1,33,7,1,1,2,0,6,0,72,1.08,1.08,2.08,0.187,5.49,114,80,0,0,0,0
2025-04-06,5,33,31,1,7,0,1,2,0,6,8,10,114,2,12,0.226,0.499,4.69,-0.186,-5.5,9.0,32,6,0,0,2,1,4,0,64,0.0,0.89,1.9,0.687,5.49,126,78,0,0,1,1
2025-04-06,1,56,42,15,20,1,15,9,1,5,7,7,204,1,33,0.476,1.283,2.01,1.158,9.56,9.0,52,12,12,12,11,1,11,1,26,12.0,2.56,1.17,-0.658,-6.57,225,125,12,6,1,0
2025-04-06,4,52,38,12,12,1,12,11,1,11,8,12,225,0,33,0.316,0.901,1.58,0.657,6.56,9.0,56,20,15,15,9,1,5,1,32,15.0,3.22,1.79,-1.157,-9.56,204,127,8,4,0,1
2025-04-06,6,27,27,0,1,0,0,0,0,7,10,6,109,1,0,0.037,0.074,0.85,-0.325,-5.44,8.0,44,13,10,9,8,0,7,1,37,10.13,2.63,0.36,-0.175,-5.18,186,109,2,1,0,0
2025-04-06,2,44,35,10,13,1,10,8,0,7,8,10,186,0,22,0.371,0.991,1.87,0.174,5.15,9.0,27,1,0,0,0,0,7,0,81,0.0,0.11,0.29,0.325,5.44,109,74,1,0,1,1
2025-04-06,9,43,36,8,13,2,8,6,0,10,10,10,181,0,16,0.361,1.035,1.88,0.324,2.54,9.0,35,5,2,2,3,1,6,0,56,2.0,0.89,1.39,0.177,2.46,133,84,3,2,1,0
2025-04-06,3,35,30,2,5,0,2,3,1,6,7,6,133,1,16,0.167,0.49,2.63,-0.176,-2.45,9.0,43,13,8,8,6,0,10,2,50,8.0,2.11,0.94,-0.323,-2.53,181,112,1,1,0,1
2025-04-08,6,47,43,5,12,1,5,2,1,9,10,10,158,1,16,0.279,0.691,2.0,-0.137,-0.64,10.2,48,11,6,5,4,1,10,1,43,4.22,1.41,2.14,-0.364,1.64,171,108,4,1,0,0
2025-04-08,1,48,41,6,11,1,4,4,1,10,6,14,171,0,22,0.268,0.738,3.85,0.364,-1.67,11.0,47,12,5,5,2,1,9,1,48,4.09,1.27,1.92,0.136,0.66,158,96,4,1,1,1
2025-04-08,0,42,37,5,8,0,5,5,0,8,6,7,159,0,21,0.216,0.553,2.45,0.349,-0.44,9.0,39,12,4,3,2,0,8,0,47,3.0,1.56,2.16,0.152,1.43,160,108,1,0,1,0
2025-04-08,4,39,37,4,12,0,3,2,0,8,12,9,160,1,18,0.324,0.791,2.28,-0.151,-1.44,9.0,42,8,5,5,5,0,8,0,56,5.0,1.44,1.61,-0.348,0.45,159,95,9,3,0,1
2025-04-08,5,38,33,3,7,1,3,5,0,11,9,5,165,0,12,0.212,0.619,3.04,-0.187,-1.43,8.0,37,11,7,7,2,0,10,1,49,7.88,1.63,0.48,-0.314,-2.17,134,86,2,0,0,0
2025-04-08,2,37,35,7,11,1,7,2,0,10,9,5,134,0,12,0.314,0.808,1.27,0.315,2.18,9.0,38,7,3,3,5,0,11,1,45,3.0,1.33,0.61,0.186,1.43,165,102,0,0,1,1
2025-04-08,9,31,30,2,4,1,2,1,0,13,9,4,133,0,5,0.133,0.428,3.16,-0.461,-3.41,8.0,34,4,3,3,7,0,9,0,42,3.38,1.38,0.7,-0.039,1.84,142,82,2,0,0,0
2025-04-08,7,34,27,3,4,0,2,7,0,9,7,4,142,0,12,0.148,0.472,2.87,0.039,-1.83,9.0,31,4,2,2,1,0,13,1,77,2.0,0.56,1.93,0.462,3.43,133,89,0,0,1,1
2025-04-08,8,45,38,13,12,2,11,5,1,5,10,8,153,1,15,0.316,0.9,1.06,0.439,7.55,9.0,34,6,1,1,4,0,6,0,68,1.0,1.11,0.06,0.062,4.43,120,76,0,0,1,0
2025-04-08,3,34,30,1,6,0,1,4,0,6,11,10,120,4,18,0.2,0.494,0.35,-0.062,-4.43,9.0,45,12,13,8,5,1,5,2,14,8.0,1.89,0.27,-0.438,-7.56,153,89,0,0,0,1
2025-04-09,6,44,32,5,9,0,5,6,2,11,8,5,154,0,26,0.281,0.78,4.06,0.206,-0.45,9.0,36,9,4,4,2,0,11,0,47,4.0,1.22,2.21,0.293,1.47,140,93,0,0,1,0
2025-04-09,1,36,33,4,9,0,4,2,0,11,8,6,140,1,9,0.273,0.678,4.22,-0.294,-1.46,9.0,44,9,5,2,6,2,11,0,53,2.0,1.67,1.48,-0.205,0.46,154,103,4,0,0,1
2025-04-09,0,37,33,3,6,1,3,4,0,6,13,3,149,0,9,0.182,0.573,1.4,-0.029,-2.48,9.0,38,10,1,1,2,0,6,0,65,1.0,1.33,1.84,0.529,4.47,128,90,0,0,1,0
2025-04-09,4,38,36,1,10,0,1,2,0,6,9,8,128,1,15,0.278,0.622,3.41,-0.529,-4.48,9.0,37,6,3,3,4,0,6,1,48,3.0,1.11,0.51,0.029,2.45,149,97,1,0,0,1
2025-04-09,5,44,40,3,10,1,3,2,0,10,7,9,173,0,14,0.25,0.629,2.13,-0.225,-2.63,11.0,44,10,1,1,1,0,17,1,74,0.82,1.0,2.17,0.724,5.63,152,109,3,0,1,0
2025-04-09,2,44,43,1,10,1,1,1,0,17,15,5,152,0,18,0.233,0.576,2.77,-0.725,-5.64,11.0,44,10,3,3,2,0,10,1,71,2.45,1.09,1.76,0.225,2.64,173,119,4,0,0,1
2025-04-09,9,37,32,1,6,0,1,4,0,11,13,6,143,0,23,0.188,0.528,4.68,-0.496,-4.48,8.0,34,6,4,4,3,1,3,2,55,4.5,1.13,0.52,-0.004,0.86,106,74,0,0,0,0
2025-04-09,7,34,30,4,6,2,4,3,1,3,10,5,106,0,12,0.2,0.727,1.33,0.002,-0.85,9.0,37,6,1,1,4,0,11,0,50,1.0,1.11,1.53,0.496,4.48,143,96,1,0,1,1
2025-04-09,8,33,32,0,4,0,0,1,0,13,10,7,119,0,11,0.125,0.308,2.24,-0.373,-3.46,8.0,34,6,4,4,5,1,5,3,45,4.5,1.38,0.29,-0.127,0.86,134,81,1,0,0,0
2025-04-09,3,34,27,4,6,3,4,5,1,5,5,10,134,0,8,0.222,0.946,2.13,0.127,-0.85,9.0,33,4,0,0,1,0,13,0,86,0.0,0.56,0.79,0.373,3.47,119,82,2,0,1,1
2025-04-10,6,43,38,7,13,0,5,5,0,9,10,7,185,2,16,0.342,0.814,2.44,0.183,1.57,9.0,32,4,2,2,1,0,10,1,70,2.0,0.56,0.3,0.316,3.45,120,84,0,0,1,0
2025-04-10,1,32,31,2,4,1,2,1,0,10,9,6,120,0,7,0.129,0.414,1.14,-0.315,-3.44,9.0,43,13,7,7,5,0,9,0,46,7.0,2.0,0.47,-0.185,-1.56,185,122,5,3,0,1
2025-04-10,0,37,32,3,6,0,3,5,0,9,13,3,161,1,11,0.188,0.578,1.44,-0.209,-2.35,8.0,39,13,8,7,1,1,5,1,16,7.88,1.75,0.38,-0.291,-3.26,150,107,7,3,0,0
2025-04-10,4,39,36,8,13,1,7,1,1,5,13,3,150,0,17,0.361,0.913,0.83,0.29,3.25,9.0,37,6,3,3,5,0,9,0,44,3.0,1.22,0.71,0.21,2.34,161,102,3,0,1,1
2025-04-10,5,44,39,2,11,0,2,3,0,6,10,5,179,1,24,0.282,0.692,2.84,-0.14,-4.07,9.2,40,7,3,3,3,2,12,0,75,2.79,1.03,2.47,-0.361,4.08,176,103,0,0,0,0
2025-04-10,2,40,35,3,7,0,3,3,2,12,16,6,176,0,16,0.2,0.586,3.67,0.362,-4.06,10.0,44,11,2,2,3,0,6,0,53,1.8,1.4,1.38,0.138,4.07,179,120,1,1,1,1
2025-04-10,9,36,33,7,9,3,7,2,0,6,9,4,133,0,5,0.273,0.912,1.5,0.132,1.54,9.0,34,3,0,0,1,1,16,0,88,0.0,0.44,0.4,0.369,4.46,125,95,0,0,1,0
2025-04-10,7,34,32,0,3,0,0,1,1,16,9,10,125,0,20,0.094,0.241,2.13,-0.368,-4.46,9.0,36,9,7,6,2,0,6,3,55,6.0,1.22,0.29,-0.131,-1.53,133,89,0,0,0,1
2025-04-10,8,42,38,7,13,1,7,4,0,8,12,7,164,2,18,0.342,0.879,1.34,0.326,2.54,9.0,35,8,3,3,1,0,7,1,68,3.0,1.0,0.3,0.174,2.46,114,84,0,0,1,0
2025-04-10,3,35,34,3,8,1,2,1,0,7,12,4,114,1,7,0.235,0.61,0.95,-0.173,-2.45,9.0,42,13,7,7,4,0,8,1,17,7.0,1.89,0.22,-0.326,-2.55,164,100,0,0,0,1
2025-04-11,1,35,29,2,4,0,2,4,0,7,10,8,129,0,17,0.138,0.407,2.28,-0.229,-3.46,8.0,32,8,5,5,1,0,3,2,62,5.63,1.13,1.35,-0.271,-0.16,102,63,2,2,0,0
2025-04-11,8,32,31,5,8,2,5,1,0,3,11,7,102,1,9,0.258,0.797,3.53,0.27,0.16,9.0,35,4,2,2,4,0,7,0,58,2.0,0.89,0.95,0.229,3.46,129,89,0,0,1,1
2025-04-11,4,42,37,7,13,0,7,4,1,5,6,8,168,1,19,0.351,0.915,2.87,0.429,1.54,9.0,36,6,5,4,3,0,12,1,55,4.0,1.0,1.74,0.071,0.45,138,91,0,0,1,0
2025-04-11,9,36,33,5,6,1,5,3,0,12,10,8,138,0,12,0.182,0.553,2.53,-0.071,-0.44,9.0,42,13,7,6,4,1,5,0,30,6.0,1.89,1.12,-0.428,-1.55,168,106,7,1,0,1
2025-04-11,2,35,31,3,6,1,2,2,1,8,7,8,128,1,10,0.194,0.58,3.0,-0.333,-2.42,8.0,36,9,5,5,5,0,5,0,41,5.63,1.75,0.55,-0.168,-0.17,129,75,1,0,0,0
2025-04-11,7,36,28,5,9,0,5,5,0,5,6,10,129,1,19,0.321,0.805,1.65,0.167,0.16,9.0,35,6,3,3,2,1,8,1,64,3.0,0.89,1.09,0.332,2.43,128,84,2,2,1,1
2025-04-11,5,45,33,9,12,0,8,9,0,5,10,7,153,1,19,0.364,0.912,1.47,0.443,2.56,9.0,36,7,3,2,4,0,7,1,45,2.0,1.22,0.51,0.058,2.46,146,84,1,0,1,0
2025-04-11,0,36,32,3,7,1,3,4,0,7,7,9,146,1,13,0.219,0.681,1.53,-0.06,-2.44,9.0,45,12,9,9,9,0,5,0,25,9.0,2.33,0.43,-0.441,-2.54,153,97,3,3,0,1
2025-04-11,3,35,32,2,4,0,1,3,0,10,7,12,162,0,14,0.125,0.325,1.53,-0.231,-2.47,8.0,45,17,12,11,3,1,4,2,34,12.38,2.5,0.27,-0.269,-7.15,168,101,2,0,0,0
2025-04-11,6,45,40,12,17,2,12,3,1,4,10,7,168,0,24,0.425,1.192,1.08,0.269,7.16,9.0,35,4,2,0,3,0,10,0,75,0.0,0.78,0.28,0.231,2.46,162,109,2,0,1,1
2025-04-12,1,34,31,0,5,0,0,3,0,12,7,4,149,1,13,0.161,0.396,1.62,-0.498,-5.46,8.0,36,7,4,4,7,1,7,0,47,4.5,1.75,0.59,-0.002,0.85,174,101,6,2,0,0
2025-04-12,8,36,28,4,7,0,4,7,1,7,9,4,174,1,14,0.25,0.703,1.44,0.004,-0.85,9.0,34,5,0,0,3,0,12,0,73,0.0,0.89,1.44,0.498,5.45,149,101,3,0,1,1
2025-04-12,4,35,29,2,10,0,2,6,0,2,6,5,148,1,15,0.345,0.802,2.95,-0.226,-2.75,7.0,28,3,0,0,5,0,8,0,70,0.0,1.14,1.69,0.445,4.17,116,74,1,0,1,0
2025-04-12,9,28,23,0,3,0,0,5,0,8,9,6,116,1,19,0.13,0.416,3.76,-0.445,-4.16,7.1,35,10,2,2,6,0,2,0,45,2.45,2.18,0.8,0.226,2.75,148,87,1,0,0,1
2025-04-12,3,50,42,6,14,1,6,8,0,8,10,7,185,0,36,0.333,0.94,1.42,0.186,0.56,9.0,38,9,2,2,2,1,7,0,47,2.0,1.22,1.03,0.315,3.46,155,97,1,0,1,0
2025-04-12,6,38,35,2,9,0,2,2,1,7,10,9,155,1,20,0.257,0.602,2.56,-0.316,-3.44,9.0,50,14,6,5,8,0,8,1,38,5.0,2.44,0.58,-0.184,-0.55,185,111,3,1,0,1
2025-04-13,1,48,37,9,12,1,8,8,0,8,9,5,185,1,33,0.324,0.894,0.97,0.338,3.55,9.0,42,7,2,2,7,2,9,0,47,2.0,1.56,0.5,0.165,3.46,160,88,3,1,1,0
2025-04-13,8,42,33,2,7,0,2,7,2,9,11,7,160,0,22,0.212,0.593,1.38,-0.165,-3.46,9.0,48,12,9,9,8,0,8,1,22,9.0,2.22,0.29,-0.336,-3.53,185,113,2,2,0,1
2025-04-13,4,44,34,6,8,0,6,8,2,6,4,9,182,1,23,0.235,0.703,1.95,0.043,0.54,8.0,41,7,9,8,8,1,11,3,22,9.0,1.88,0.81,-0.544,-4.15,196,114,8,2,0,0
2025-04-13,9,41,31,9,7,3,8,8,1,11,14,6,196,0,19,0.226,0.938,1.37,0.543,4.15,9.0,44,8,6,5,8,2,6,0,27,5.0,1.78,1.25,-0.043,-0.54,182,109,4,1,1,1
2025-04-13,2,43,36,5,11,0,2,6,0,8,5,14,167,2,22,0.306,0.822,2.39,-0.206,-0.47,8.0,40,12,6,5,5,0,2,0,20,5.63,2.13,0.62,-0.294,-1.15,162,90,3,0,0,0
2025-04-13,7,40,34,6,12,0,6,5,0,2,7,8,162,1,23,0.353,0.837,1.47,0.294,1.14,9.0,43,11,5,3,6,0,8,0,56,3.0,1.89,1.59,0.206,0.46,167,107,1,0,1,1
2025-04-13,5,35,30,5,5,0,5,3,0,7,9,8,131,0,6,0.167,0.502,2.08,-0.142,-0.47,8.0,41,14,11,11,5,0,1,3,38,12.38,2.38,0.46,-0.358,-6.15,145,87,0,0,0,0
2025-04-13,0,41,35,11,14,3,10,5,0,1,10,9,145,1,14,0.4,1.161,1.62,0.357,6.16,9.0,35,5,5,5,3,0,7,0,68,5.0,0.89,0.23,0.142,0.45,131,81,3,3,1,1
2025-04-13,3,34,33,1,6,0,1,1,0,12,8,9,135,0,13,0.182,0.418,1.1,-0.214,-4.46,8.0,44,17,7,7,6,0,4,0,40,7.88,2.88,0.74,-0.287,-2.14,154,89,6,1,0,0
2025-04-13,6,44,38,7,17,0,7,6,0,4,6,8,154,1,26,0.447,1.049,1.55,0.288,2.14,9.0,34,6,1,0,1,0,12,0,70,0.0,0.78,0.37,0.214,4.47,135,89,2,0,1,1
2025-04-15,2,29,26,0,0,0,0,2,1,13,9,5,133,1,2,0.0,0.103,3.29,-0.617,-5.44,8.0,37,11,3,3,4,0,6,0,58,3.38,1.88,0.62,0.118,1.84,136,85,3,0,0,0
2025-04-15,8,37,32,3,11,0,3,4,0,6,5,7,136,2,24,0.344,0.823,2.14,-0.117,-1.85,9.0,29,0,0,0,2,1,13,0,81,0.0,0.22,1.19,0.617,5.46,133,89,0,0,1,1
2025-04-15,6,38,32,2,4,0,2,2,2,15,8,4,165,0,25,0.125,0.347,3.03,-0.155,-3.43,9.0,32,2,0,0,4,0,14,0,84,0.0,0.67,1.36,0.654,5.42,133,86,0,0,1,0
2025-04-15,5,32,28,0,2,0,0,4,0,14,6,7,133,0,9,0.071,0.259,3.21,-0.654,-5.42,9.0,38,4,2,1,2,2,15,0,65,1.0,0.67,0.96,0.154,3.43,165,108,2,1,0,1
2025-04-15,3,41,35,6,9,1,5,5,1,8,8,8,164,1,20,0.257,0.795,2.58,0.267,0.55,8.0,42,13,8,8,5,1,5,1,38,9.0,2.25,1.7,-0.766,-3.16,153,98,3,1,0,0
2025-04-15,4,42,35,8,13,1,8,5,1,5,7,9,153,0,20,0.371,0.949,2.46,0.766,3.15,9.0,41,9,6,4,5,1,8,1,37,4.0,1.56,1.58,-0.266,-0.55,164,107,6,1,1,1
2025-04-15,7,34,33,0,6,0,0,1,0,10,7,4,128,0,11,0.182,0.418,5.03,-0.725,-4.42,8.0,34,5,1,1,3,1,13,1,75,1.13,1.0,1.06,0.225,3.83,132,99,1,0,0,0
2025-04-15,0,34,30,1,5,1,1,3,1,13,12,3,132,0,26,0.167,0.532,2.93,-0.226,-3.82,9.0,34,6,0,0,1,0,10,0,67,0.0,0.78,1.55,0.726,4.42,128,95,0,0,1,1
2025-04-16,2,36,34,2,8,0,2,1,0,7,10,6,142,0,14,0.235,0.515,2.05,-0.045,-3.43,8.0,42,10,12,12,9,0,5,2,22,13.5,2.38,0.4,-0.454,-7.18,161,90,4,2,0,0
2025-04-16,8,42,31,12,10,2,12,9,0,5,7,11,161,1,18,0.323,1.011,1.25,0.454,7.18,9.0,36,8,2,2,1,0,7,0,53,2.0,1.0,0.18,0.045,3.42,142,95,0,0,1,1
2025-04-16,6,45,39,10,12,3,10,5,1,8,9,4,155,0,16,0.308,1.092,0.9,0.369,4.56,9.0,39,10,4,4,2,0,14,0,59,4.0,1.33,0.31,0.131,1.42,157,110,4,2,1,0
2025-04-16,5,39,37,4,10,0,4,2,0,14,6,11,157,0,14,0.27,0.659,1.7,-0.132,-1.43,9.0,45,12,10,10,5,1,8,3,36,10.0,1.89,0.51,-0.37,-4.57,155,100,4,0,0,1
2025-04-16,3,37,36,4,8,0,4,1,0,12,8,7,127,0,17,0.222,0.576,2.6,-0.28,-1.45,8.0,41,15,6,6,3,0,5,0,20,6.75,2.25,0.36,-0.221,-1.17,166,109,2,0,0,0
2025-04-16,4,41,37,6,15,0,5,3,0,5,6,10,166,0,27,0.405,0.936,1.94,0.221,1.18,9.0,37,8,4,4,1,0,12,0,69,4.0,1.0,1.15,0.279,1.44,127,85,1,0,1,1
2025-04-16,7,36,32,3,6,1,3,2,1,5,11,7,146,0,11,0.188,0.625,1.41,-0.033,-2.44,9.0,31,1,0,0,3,0,7,0,73,0.0,0.44,1.23,0.532,4.44,117,77,2,0,1,0
2025-04-16,0,31,27,0,1,0,0,3,0,7,11,10,117,0,10,0.037,0.17,2.71,-0.531,-4.43,9.0,36,6,3,3,2,1,5,1,57,3.0,0.89,0.58,0.03,2.43,146,92,4,1,0,1
2025-04-17,2,45,36,6,10,1,6,6,2,8,8,12,166,0,29,0.278,0.826,1.27,0.256,0.58,9.0,41,9,3,3,4,1,5,1,60,3.0,1.44,1.32,0.241,2.43,153,98,3,0,1,0
2025-04-17,8,41,34,3,9,1,3,4,1,5,5,12,153,0,24,0.265,0.791,2.92,-0.242,-2.44,9.0,45,10,6,6,6,2,8,1,38,6.0,1.78,0.46,-0.257,-0.57,166,100,5,0,0,1
2025-04-17,6,36,33,4,8,0,4,1,1,14,13,5,147,1,11,0.242,0.71,2.38,0.114,-1.42,9.0,37,8,2,2,3,0,7,0,48,2.0,1.22,1.73,0.386,3.42,143,87,1,0,1,0
2025-04-17,5,37,34,2,8,0,2,3,0,7,9,2,143,0,18,0.235,0.562,2.25,-0.386,-3.44,9.0,36,8,4,4,1,1,14,0,56,4.0,1.0,0.97,-0.114,1.41,147,110,2,2,0,1
2025-04-17,3,38,36,1,9,0,1,2,0,16,7,10,145,0,17,0.25,0.622,1.2,-0.236,-4.45,8.0,40,11,7,4,4,0,4,0,40,4.5,1.88,0.27,-0.265,-2.17,170,114,0,0,0,0
2025-04-17,4,40,35,7,11,0,6,4,0,4,9,2,170,0,20,0.314,0.775,0.78,0.264,2.18,9.0,38,9,1,1,2,0,16,0,72,1.0,1.22,0.23,0.237,4.44,145,102,3,0,1,1
2025-04-17,7,40,36,4,13,1,4,3,0,6,9,10,135,2,19,0.361,0.882,5.28,0.128,-0.41,8.1,39,13,5,5,3,0,3,1,42,5.4,1.92,3.11,-0.63,2.43,140,87,0,0,0,0
2025-04-17,0,39,35,5,13,1,5,3,0,3,10,6,140,2,17,0.371,0.964,4.26,0.63,-2.42,9.0,40,13,4,3,3,0,6,1,39,3.0,1.78,1.43,-0.128,0.42,135,92,1,0,1,1
2025-04-18,0,34,29,1,3,1,1,4,0,8,11,7,143,0,14,0.103,0.453,1.73,-0.288,-4.4,8.0,41,11,7,7,7,1,2,0,39,7.88,2.25,0.52,-0.211,-3.2,165,97,5,1,0,0
2025-04-18,1,41,31,7,11,0,7,7,1,2,7,11,165,2,17,0.355,0.991,1.74,0.212,3.2,9.0,34,3,1,1,4,0,8,1,66,1.0,0.78,0.59,0.288,4.39,143,84,1,0,1,1
2025-04-18,8,39,33,5,9,1,4,3,2,4,10,4,128,1,15,0.273,0.762,3.53,0.127,-0.42,9.0,34,4,1,1,3,0,9,0,72,1.0,0.78,0.63,0.373,4.42,119,80,0,0,1,0
2025-04-18,5,34,31,1,4,0,1,3,0,9,13,7,119,0,11,0.129,0.4,2.82,-0.372,-4.42,9.0,39,9,5,4,3,2,4,1,53,4.0,1.33,0.61,-0.126,0.42,128,84,4,3,0,1
2025-04-18,4,39,39,8,13,3,8,0,0,7,10,2,141,1,10,0.333,0.974,0.73,0.274,3.68,9.0,40,10,1,1,2,1,14,1,63,1.0,1.33,0.23,0.227,4.32,147,99,2,0,1,0
2025-04-18,2,40,37,1,10,1,1,2,1,14,9,9,147,0,23,0.27,0.73,2.56,-0.227,-4.33,9.0,39,13,8,8,0,0,7,3,26,8.0,1.44,0.25,-0.273,-3.68,141,100,0,0,0,1
2025-04-18,7,41,35,3,9,0,3,4,1,9,4,11,146,0,23,0.257,0.684,4.25,-0.356,-2.44,8.2,37,10,4,1,1,0,11,0,53,1.04,1.27,1.55,-0.143,2.43,132,88,1,0,0,0
2025-04-18,3,37,36,4,10,0,4,1,0,11,8,9,132,0,14,0.278,0.63,2.7,0.14,-2.42,9.0,41,9,3,3,4,1,9,0,42,3.0,1.44,1.68,0.357,2.43,146,93,8,1,1,1
2025-04-18,9,37,34,4,8,0,4,1,2,9,11,8,151,0,10,0.235,0.591,0.95,-0.073,-1.42,8.0,49,14,12,10,8,2,5,2,28,11.25,2.75,0.33,-0.427,-7.18,202,128,3,1,0,0
2025-04-18,6,49,39,12,14,2,11,8,2,5,10,7,202,0,24,0.359,1.105,0.85,0.426,7.16,9.0,37,8,4,4,1,2,9,0,39,4.0,1.0,0.37,0.074,1.43,151,104,1,0,1,1
2025-04-19,0,43,35,8,10,1,7,6,0,4,11,5,185,1,18,0.286,0.867,1.74,0.451,3.55,9.0,40,10,4,4,3,0,11,1,41,4.0,1.44,1.5,0.05,1.46,175,114,2,0,1,0
2025-04-19,1,40,37,4,10,1,4,3,0,11,9,12,175,0,15,0.27,0.839,3.22,-0.051,-1.44,9.0,43,10,8,7,6,0,4,1,40,7.0,1.78,0.97,-0.45,-3.55,185,114,1,1,0,1
2025-04-19,8,50,40,11,15,1,10,8,0,8,10,4,196,0,23,0.375,0.944,1.1,0.412,5.58,9.0,38,7,4,4,4,0,13,0,62,4.0,1.22,1.33,0.087,1.43,177,107,4,2,1,0
2025-04-19,5,38,34,4,7,0,4,4,0,13,8,10,177,1,14,0.206,0.495,2.16,-0.087,-1.42,9.0,50,15,11,11,8,0,8,1,30,11.0,2.56,0.75,-0.415,-5.57,196,114,7,6,0,1
2025-04-19,4,40,36,3,9,1,3,4,0,5,10,2,152,0,13,0.25,0.742,1.07,-0.078,-0.38,8.0,42,13,10,10,5,1,7,4,8,11.25,2.25,0.26,-0.423,-5.2,176,103,3,0,0,0
2025-04-19,2,42,34,10,13,4,10,5,1,7,9,11,176,1,16,0.382,1.257,0.45,0.424,5.2,9.0,40,9,3,3,4,0,5,1,53,3.0,1.44,0.23,0.077,0.4,152,94,2,0,1,1
2025-04-19,7,46,34,11,10,2,7,11,0,5,6,6,196,3,22,0.294,0.967,1.08,0.407,5.56,9.0,33,5,1,1,1,0,15,0,76,1.0,0.67,0.06,0.093,4.42,109,81,0,0,1,0
2025-04-19,3,33,31,1,5,0,1,1,0,15,11,7,109,0,12,0.161,0.376,0.25,-0.092,-4.44,9.0,46,10,11,8,11,0,5,2,20,8.0,2.33,0.2,-0.407,-5.57,196,104,3,3,0,1
2025-04-19,9,20,18,2,5,0,2,1,1,7,5,3,79,0,8,0.278,0.739,2.91,-0.033,-0.98,4.0,23,8,7,7,2,0,5,2,38,15.75,2.5,0.7,-0.467,-4.63,100,63,1,1,0,0
2025-04-19,6,23,20,7,8,2,7,2,0,5,2,3,100,0,8,0.4,1.185,9.58,0.467,4.63,5.0,20,5,2,2,1,1,7,0,55,3.6,1.2,0.88,0.033,0.97,79,54,0,0,1,1
2025-04-20,0,43,37,6,9,0,4,5,0,9,6,5,177,0,24,0.243,0.657,2.96,0.196,0.64,9.0,40,11,2,2,5,0,12,0,50,2.0,1.78,2.12,0.303,3.35,167,113,3,0,1,0
2025-04-20,1,40,35,2,11,0,2,5,0,12,13,6,167,0,26,0.314,0.743,2.99,-0.303,-3.36,9.0,43,9,6,4,5,0,9,0,64,4.0,1.56,1.82,-0.197,-0.65,177,115,6,2,0,1
2025-04-20,8,34,31,3,5,1,3,2,1,10,6,6,142,1,5,0.161,0.493,1.23,-0.181,-2.43,8.0,42,10,9,9,4,3,12,1,46,10.13,1.75,0.64,-0.321,-4.2,155,93,7,2,0,0
2025-04-20,5,42,35,9,10,1,8,4,3,12,5,10,155,0,25,0.286,0.862,1.95,0.38,5.19,9.0,34,5,3,3,2,1,10,1,61,3.0,0.78,0.66,0.181,2.4,142,92,2,0,1,1
2025-04-20,4,37,34,4,8,2,4,3,0,7,8,6,149,1,8,0.235,0.709,1.49,0.131,-1.45,9.0,43,9,3,3,8,1,8,0,52,3.0,1.89,2.74,0.37,1.45,167,97,5,2,1,0
2025-04-20,2,43,34,3,9,0,3,8,1,8,10,8,167,1,25,0.265,0.713,4.6,-0.369,-1.46,9.0,37,8,4,4,3,0,7,2,53,4.0,1.22,1.37,-0.129,1.45,149,102,1,1,0,1
2025-04-20,7,40,36,5,10,0,5,2,0,7,10,7,156,0,19,0.278,0.586,8.19,0.154,-0.39,9.0,29,3,0,0,0,0,7,0,88,0.0,0.33,0.51,0.346,5.41,100,76,0,0,1,0
2025-04-20,3,29,29,0,3,0,0,0,0,7,11,8,100,1,4,0.103,0.206,0.91,-0.347,-5.4,9.0,40,10,5,1,2,0,7,0,54,1.0,1.33,0.44,-0.155,0.4,156,108,2,1,0,1
2025-04-20,9,31,28,1,3,0,1,2,0,14,5,6,129,1,6,0.107,0.268,0.78,-0.308,-3.4,8.0,38,13,7,7,4,0,8,1,49,7.88,2.13,0.25,-0.192,-2.2,166,98,6,0,0,0
2025-04-20,6,38,34,7,13,1,6,4,0,8,6,5,166,0,18,0.382,0.976,1.37,0.192,2.2,9.0,31,3,1,1,2,0,14,0,88,1.0,0.56,0.24,0.309,3.4,129,87,5,1,1,1
2025-04-22,9,45,40,6,12,1,6,4,0,9,9,11,176,0,17,0.3,0.889,2.48,0.631,0.99,10.0,41,9,5,5,4,0,6,2,49,4.5,1.3,2.18,-0.132,2.0,179,110,0,0,1,0
2025-04-22,8,41,35,5,9,2,5,4,0,6,6,12,179,1,13,0.257,0.896,3.59,0.132,-1.99,10.0,45,12,6,6,4,0,9,1,42,5.4,1.6,1.46,-0.631,-0.99,176,119,2,1,0,1
2025-04-22,5,39,35,3,9,0,3,4,0,12,7,4,159,0,21,0.257,0.676,3.33,-0.161,-2.37,8.0,44,15,9,8,7,0,7,1,32,9.0,2.75,0.53,-0.337,-4.22,153,93,1,1,0,0
2025-04-22,7,44,35,9,15,1,8,7,0,7,5,8,153,2,22,0.429,1.095,1.63,0.337,4.21,9.0,39,9,3,3,4,0,12,0,62,3.0,1.44,0.84,0.163,2.39,159,106,3,0,1,1
2025-04-22,1,33,32,4,8,2,4,1,0,7,9,6,125,2,7,0.25,0.742,2.04,-0.288,-1.38,8.0,34,9,5,5,3,0,7,1,39,5.63,1.5,0.24,-0.213,-0.21,136,86,0,0,0,0
2025-04-22,3,34,31,5,9,1,4,3,0,7,10,6,136,2,7,0.29,0.772,1.12,0.213,0.23,9.0,33,8,4,3,1,0,7,2,78,3.0,1.0,0.69,0.287,1.37,125,87,2,0,1,1
2025-04-23,9,33,29,0,1,0,0,4,0,11,9,5,142,0,14,0.034,0.221,1.83,-0.531,-5.46,8.0,41,6,3,3,10,1,9,0,51,3.38,2.0,0.83,0.03,1.85,181,107,7,2,0,0
2025-04-23,8,41,30,3,6,0,3,10,1,9,8,9,181,0,23,0.2,0.682,2.82,-0.031,-1.85,9.0,33,1,0,0,4,0,11,0,76,0.0,0.56,1.04,0.531,5.46,142,87,0,0,1,1
2025-04-23,6,39,34,6,8,0,6,4,0,6,8,5,138,1,12,0.235,0.632,1.23,0.271,0.64,9.0,42,13,4,4,3,0,12,0,60,4.0,1.78,1.45,0.23,2.38,155,103,0,0,1,0
2025-04-23,4,42,39,4,13,0,4,3,0,12,15,5,155,1,19,0.333,0.766,2.03,-0.229,-2.38,9.0,39,8,6,4,4,0,6,0,34,4.0,1.33,0.37,-0.27,-0.62,138,93,1,0,0,1
2025-04-23,0,36,33,2,8,0,2,2,0,13,8,10,148,1,13,0.242,0.611,2.48,-0.194,-3.37,8.0,37,12,7,7,2,0,3,2,26,7.88,1.75,0.24,-0.307,-2.22,134,88,0,0,0,0
2025-04-23,2,37,34,7,12,2,7,2,0,3,6,6,134,0,11,0.353,0.937,0.8,0.305,2.23,9.0,36,8,2,2,2,0,13,0,49,2.0,1.11,0.65,0.194,3.37,148,99,3,0,1,1
2025-04-23,5,46,44,11,17,4,11,2,0,4,14,5,161,0,17,0.386,1.095,0.78,0.456,6.62,9.0,37,5,5,5,5,0,7,2,61,5.0,1.11,0.12,0.044,-1.62,133,86,3,2,1,0
2025-04-23,7,37,32,5,5,2,4,5,0,7,10,13,133,1,9,0.156,0.676,0.42,-0.044,1.64,9.0,46,17,11,11,2,0,4,4,-3,11.0,2.11,0.16,-0.457,-6.62,161,107,1,0,0,1
2025-04-23,1,44,37,8,12,1,7,4,2,6,6,11,187,1,29,0.324,0.923,1.99,0.461,2.65,9.0,39,5,2,2,4,3,9,1,50,2.0,1.0,0.57,0.038,3.33,146,88,0,0,1,0
2025-04-23,3,39,32,2,5,1,2,4,3,9,6,12,146,0,16,0.156,0.558,1.41,-0.037,-3.35,9.0,44,12,8,4,4,2,6,1,44,4.0,1.78,0.98,-0.461,-2.67,187,118,5,4,0,1
2025-04-24,9,36,31,3,7,0,3,3,0,9,11,8,133,1,15,0.226,0.552,1.63,-0.012,-2.36,9.0,37,6,1,1,3,0,8,0,71,1.0,1.0,1.79,0.512,4.38,153,97,4,1,1,0
2025-04-24,8,37,34,1,6,0,1,3,0,8,12,3,153,0,21,0.176,0.419,3.42,-0.513,-4.37,9.0,36,7,3,2,3,0,9,0,54,2.0,1.11,0.69,0.012,2.36,133,86,3,0,0,1
2025-04-24,6,38,31,3,4,0,3,6,1,12,8,4,153,0,19,0.129,0.418,4.16,-0.22,-1.38,8.0,34,9,5,4,2,1,8,1,48,4.5,1.38,1.06,-0.28,0.77,125,84,3,0,0,0
2025-04-24,4,34,30,5,9,1,4,2,1,8,6,7,125,1,12,0.3,0.797,2.61,0.28,-0.77,9.0,38,4,3,3,6,1,12,0,57,3.0,1.11,1.5,0.22,1.38,153,96,2,0,1,1
2025-04-24,0,39,37,5,10,2,4,2,0,6,9,6,143,1,18,0.27,0.794,1.35,-0.14,1.63,8.0,48,21,17,17,4,0,7,3,33,19.13,3.13,0.24,-0.362,-13.23,189,124,3,2,0,0
2025-04-24,2,48,43,17,21,3,15,4,0,7,7,14,189,0,16,0.488,1.405,0.99,0.362,13.24,9.0,39,10,5,4,2,0,6,2,57,4.0,1.33,0.24,0.138,-1.62,143,98,0,0,1,1
2025-04-24,5,42,29,6,6,0,6,8,1,4,12,8,170,0,26,0.207,0.661,2.35,0.194,0.63,9.0,39,9,5,4,2,0,7,0,62,4.0,1.22,1.82,0.307,0.36,157,97,5,3,1,0
2025-04-24,7,39,35,5,9,0,5,2,0,7,13,5,157,0,14,0.257,0.66,1.72,-0.307,-0.37,9.0,42,6,6,6,8,1,4,0,34,6.0,1.56,0.9,-0.192,-0.62,170,108,4,0,0,1
2025-04-24,1,41,37,9,11,2,9,2,2,6,10,12,134,0,11,0.297,0.934,1.78,0.306,3.64,9.0,40,7,3,1,4,1,6,0,68,1.0,1.22,0.41,0.195,2.37,148,95,0,0,1,0
2025-04-24,3,40,34,3,7,0,3,4,1,6,8,11,148,0,23,0.206,0.535,1.23,-0.194,-2.36,9.0,41,11,9,9,2,2,6,2,35,9.0,1.44,0.33,-0.305,-3.63,134,85,0,0,0,1
2025-04-25,4,46,38,8,10,1,7,6,1,8,11,5,188,0,24,0.263,0.712,1.44,0.322,1.65,9.0,34,5,2,2,3,0,7,0,56,2.0,0.89,0.53,0.178,3.37,124,83,0,0,1,0
2025-04-25,1,34,31,2,5,0,2,3,0,7,10,10,124,0,7,0.161,0.429,1.78,-0.178,-3.36,9.0,46,10,8,3,6,1,8,1,48,3.0,1.78,0.54,-0.322,-1.64,188,112,2,1,0,1
2025-04-25,3,35,31,3,3,1,3,4,0,8,5,7,153,0,12,0.097,0.394,2.18,-0.289,-2.34,8.0,35,9,4,4,2,1,9,1,46,4.5,1.38,1.6,-0.21,0.77,139,83,2,2,0,0
2025-04-25,5,35,32,4,9,1,4,2,1,9,7,11,139,1,13,0.281,0.718,4.36,0.21,-0.77,9.0,35,3,3,2,4,0,8,1,44,2.0,0.78,1.45,0.29,2.35,153,93,3,0,1,1
2025-04-25,9,44,32,6,7,1,6,7,2,6,8,6,168,0,25,0.219,0.756,2.89,0.035,0.65,8.0,42,10,10,10,9,0,9,3,33,11.25,2.38,0.83,-0.535,-5.22,188,109,6,2,0,0
2025-04-25,2,42,33,10,10,3,9,9,0,9,7,12,188,1,20,0.303,1.028,1.38,0.535,5.23,9.0,44,7,6,6,7,2,6,1,40,6.0,1.56,1.23,-0.035,-0.63,168,98,9,1,1,1
2025-04-25,8,41,32,6,9,0,5,8,0,8,6,4,174,1,19,0.281,0.79,3.06,0.372,-0.41,9.0,45,11,5,3,6,1,16,0,35,3.0,1.89,2.08,0.129,1.43,167,102,4,0,1,0
2025-04-25,0,45,37,5,11,0,5,6,1,16,9,7,167,0,36,0.297,0.76,4.8,-0.127,-1.45,9.0,41,9,6,5,8,0,8,0,33,5.0,1.89,1.91,-0.371,0.44,174,99,8,3,0,1
2025-04-25,7,38,32,2,6,0,2,4,1,8,11,2,159,0,17,0.188,0.516,5.1,-0.049,-3.37,9.0,32,5,1,1,1,0,12,1,79,1.0,0.67,2.64,0.549,4.37,144,105,0,0,1,0
2025-04-25,6,32,31,1,5,1,1,1,0,12,9,9,144,0,8,0.161,0.511,6.29,-0.548,-4.36,9.0,38,6,2,2,4,1,8,0,64,2.0,1.11,1.75,0.049,3.38,159,98,0,0,0,1
2025-04-26,4,42,36,7,13,0,6,2,1,11,9,9,137,1,18,0.361,0.882,2.43,0.368,1.66,9.0,41,8,4,2,5,1,7,0,43,2.0,1.44,1.03,0.131,1.36,164,95,2,1,1,0
2025-04-26,1,41,34,4,8,0,4,5,1,7,8,4,164,0,25,0.235,0.615,2.95,-0.134,-1.36,9.0,42,13,7,7,2,1,11,0,64,7.0,1.67,1.44,-0.368,-1.63,137,97,3,3,0,1
2025-04-26,3,39,36,2,6,0,2,2,1,19,7,10,167,0,14,0.167,0.425,4.76,-0.159,-4.02,10.0,35,4,1,1,1,0,11,0,73,0.9,0.5,1.78,0.66,5.02,150,99,0,0,1,0
2025-04-26,5,35,33,1,4,0,1,1,0,11,5,6,150,0,9,0.121,0.329,2.73,-0.658,-5.04,10.0,39,6,2,2,2,1,19,0,82,1.8,0.8,2.41,0.16,4.03,167,112,4,0,0,1
2025-04-26,9,37,35,1,7,1,1,1,1,11,6,8,135,0,18,0.2,0.557,1.43,-0.237,-4.36,8.0,44,11,9,8,9,0,8,0,35,9.0,2.5,0.4,-0.263,-4.23,184,103,4,1,0,0
2025-04-26,2,44,33,9,11,0,9,9,0,8,11,6,184,1,23,0.333,0.849,2.14,0.26,4.24,9.0,37,7,1,1,1,1,11,1,68,1.0,0.89,0.41,0.238,4.37,135,90,0,0,1,1
2025-04-26,8,35,32,4,5,1,4,3,0,12,9,7,145,0,8,0.156,0.51,0.68,-0.189,-1.44,8.0,38,11,8,8,4,0,7,2,18,9.0,1.88,0.19,-0.31,-4.18,145,82,1,1,0,0
2025-04-26,0,38,34,8,11,2,8,4,0,7,8,5,145,1,13,0.324,1.013,1.2,0.31,4.16,9.0,35,5,4,4,3,0,12,1,81,4.0,0.89,0.17,0.189,1.44,145,94,2,2,1,1
2025-04-26,7,32,29,1,3,0,1,2,0,10,10,8,116,0,8,0.103,0.259,4.33,-0.576,-4.36,8.0,33,7,2,2,2,0,4,0,54,2.25,1.13,0.61,0.076,2.77,97,72,0,0,0,0
2025-04-26,6,33,30,2,7,0,2,2,0,4,11,4,97,1,15,0.233,0.581,2.5,-0.077,-2.77,9.0,32,3,1,1,2,0,10,0,75,1.0,0.56,1.77,0.576,4.36,116,80,1,0,1,1
2025-04-27,4,36,32,4,7,1,4,3,1,2,9,6,148,2,9,0.219,0.712,0.7,-0.151,-1.35,8.0,46,13,13,13,10,1,4,1,44,14.63,2.88,0.58,-0.349,-8.25,183,100,7,6,0,0
2025-04-27,1,46,34,13,13,1,13,10,1,4,8,11,183,2,17,0.382,1.11,1.06,0.347,8.26,9.0,36,7,4,4,3,1,2,1,46,4.0,1.11,0.25,0.152,1.34,148,84,1,0,1,1
2025-04-27,3,44,38,7,11,1,7,5,1,5,6,10,173,0,27,0.289,0.781,1.6,0.311,1.66,9.0,41,10,3,3,4,1,8,1,61,3.0,1.56,0.28,0.19,2.35,150,93,4,1,1,0
2025-04-27,5,41,36,3,10,1,3,4,1,8,10,9,150,0,17,0.278,0.783,1.03,-0.19,-2.34,9.0,44,11,7,7,5,1,5,1,15,7.0,1.78,0.39,-0.311,-1.66,173,106,2,2,0,1
2025-04-27,9,37,32,4,7,0,4,2,2,4,3,14,148,1,12,0.219,0.65,1.83,-0.136,-1.43,8.0,43,14,8,8,5,0,6,3,39,9.0,2.38,0.36,-0.362,-3.18,175,102,2,2,0,0
2025-04-27,2,43,38,8,14,3,8,5,0,6,10,10,175,0,13,0.368,1.074,0.72,0.363,3.18,9.0,37,7,4,4,2,2,4,0,63,4.0,1.0,0.9,0.137,1.41,148,99,3,2,1,1
2025-04-27,8,35,30,2,5,0,1,5,0,5,7,6,137,2,11,0.167,0.486,4.72,-0.441,-2.42,8.0,35,9,3,3,3,0,6,1,51,3.38,1.5,1.38,-0.058,1.82,110,71,5,1,0,0
2025-04-27,0,35,30,3,9,1,3,3,0,6,16,4,110,1,22,0.3,0.864,2.8,0.058,-1.83,9.0,35,5,2,2,5,0,5,0,55,2.0,1.11,2.21,0.441,2.42,137,86,0,0,1,1
2025-04-27,7,37,31,3,6,0,3,5,1,6,4,12,145,2,15,0.194,0.582,6.14,-0.442,-2.38,8.0,32,7,4,3,1,0,6,0,61,3.38,1.0,0.39,-0.06,0.77,123,81,0,0,0,0
2025-04-27,6,32,28,4,7,0,4,1,0,6,11,5,123,0,8,0.25,0.687,1.22,0.061,-0.78,9.0,37,6,3,3,5,1,6,0,72,3.0,1.22,1.9,0.44,2.37,145,92,4,2,1,1
2025-04-29,7,36,33,3,7,0,3,3,0,7,5,10,149,0,13,0.212,0.52,1.62,-0.031,-2.43,9.0,35,6,2,2,3,0,11,0,72,2.0,1.0,1.63,0.531,3.42,157,101,0,0,1,0
2025-04-29,1,35,32,2,6,0,2,3,0,11,11,7,157,1,15,0.188,0.476,5.17,-0.532,-3.44,9.0,36,7,3,3,3,0,7,0,55,3.0,1.11,0.56,0.032,2.43,149,91,1,0,0,1
2025-04-29,2,41,36,3,9,1,2,4,0,9,10,7,167,0,26,0.25,0.714,2.17,-0.061,-2.42,9.0,35,4,1,1,4,0,8,0,67,1.0,0.89,3.04,0.56,4.42,138,85,5,0,1,0
2025-04-29,5,35,30,1,4,0,1,4,0,8,14,2,138,0,22,0.133,0.362,4.0,-0.561,-4.42,9.0,41,9,3,3,4,0,9,1,59,3.0,1.44,1.21,0.061,2.43,167,103,3,0,0,1
2025-04-29,9,39,32,3,7,1,3,4,2,4,11,5,157,2,15,0.219,0.686,1.37,-0.019,-2.35,8.0,47,14,13,13,10,1,5,0,31,14.63,3.0,0.59,-0.482,-8.24,181,100,8,6,0,0
2025-04-29,0,47,36,13,14,0,11,10,1,5,13,7,181,1,18,0.389,1.06,2.02,0.482,8.26,9.0,39,7,3,0,4,2,4,1,54,0.0,1.22,0.96,0.018,2.34,157,96,4,0,1,1
2025-04-29,4,48,40,9,17,0,9,5,2,4,11,9,164,2,25,0.425,1.111,1.78,0.225,3.65,9.0,36,4,3,3,3,1,7,1,74,3.0,0.78,0.36,0.275,2.34,142,92,6,2,1,0
2025-04-29,3,36,32,3,4,1,3,3,1,7,7,11,142,0,11,0.125,0.441,1.46,-0.273,-2.35,9.0,48,17,9,9,5,2,4,0,39,9.0,2.44,0.44,-0.226,-3.66,164,105,5,2,0,1
2025-04-29,8,36,32,2,6,1,2,2,2,6,9,5,144,1,13,0.188,0.591,3.81,-0.496,-2.36,8.0,32,6,3,3,2,0,9,2,48,3.38,1.0,0.7,-0.003,1.74,127,82,0,0,0,0
2025-04-29,6,32,29,3,6,2,3,2,0,9,13,6,127,0,12,0.207,0.698,2.27,0.003,-1.75,9.0,36,6,2,2,2,2,6,1,57,2.0,0.89,1.8,0.497,2.34,144,90,0,0,1,1
2025-04-30,7,41,34,8,11,1,7,4,1,5,3,11,154,2,12,0.324,0.822,1.59,0.398,2.61,9.0,36,7,3,2,3,0,7,1,53,2.0,1.11,0.49,0.101,2.4,139,91,0,0,1,0
2025-04-30,1,36,33,3,7,1,3,3,0,7,11,2,139,0,13,0.212,0.611,2.23,-0.102,-2.39,9.0,41,11,8,8,4,1,5,1,33,8.0,1.67,0.46,-0.398,-2.61,154,98,2,2,0,1
2025-04-30,9,45,36,7,11,2,7,4,2,6,6,7,153,0,28,0.306,0.877,2.7,0.129,1.66,9.0,31,5,0,0,2,0,9,0,74,0.0,0.78,0.41,0.37,4.34,131,86,0,0,1,0
2025-04-30,0,31,29,0,5,0,0,2,0,9,9,10,131,2,14,0.172,0.467,1.23,-0.37,-4.35,9.0,45,11,7,6,4,2,6,2,48,6.0,1.67,0.94,-0.129,-1.66,153,92,7,2,0,1
2025-04-30,4,43,39,10,15,1,9,3,0,2,11,7,150,1,9,0.385,1.034,1.12,0.459,4.67,9.0,42,11,9,8,2,1,8,2,46,8.0,1.44,0.68,0.042,-3.68,174,104,2,2,1,0
2025-04-30,3,42,38,9,11,2,8,2,1,8,12,10,174,0,13,0.289,0.946,3.08,-0.041,3.68,9.0,43,15,10,9,3,0,2,1,21,9.0,2.0,0.53,-0.457,-4.67,150,95,2,2,0,1
2025-04-30,8,33,31,2,6,1,2,1,0,9,12,2,123,1,10,0.194,0.542,3.65,-0.231,-3.34,8.0,34,9,5,5,2,0,8,2,64,5.63,1.38,0.77,-0.268,-0.26,136,93,1,0,0,0
2025-04-30,6,34,31,5,9,2,5,2,0,8,10,4,136,0,12,0.29,0.914,3.91,0.269,0.25,9.0,33,6,2,2,1,0,9,1,62,2.0,0.78,1.09,0.231,3.33,123,81,0,0,1,1
2025-05-01,2,36,30,1,6,0,1,6,0,6,5,9,142,2,10,0.2,0.533,4.22,-0.429,-4.35,8.0,36,9,4,3,3,0,9,1,52,3.38,1.5,0.82,-0.072,0.75,139,89,5,0,0,0
2025-05-01,5,36,32,4,9,1,3,3,0,9,12,6,139,0,22,0.281,0.749,1.56,0.072,-0.75,9.0,36,6,1,1,6,0,6,0,57,1.0,1.33,1.64,0.428,4.33,142,89,5,0,1,1
2025-05-01,4,40,35,5,8,0,5,4,1,6,11,6,151,1,20,0.229,0.611,2.22,0.092,-0.4,9.0,31,4,0,0,1,0,7,0,76,0.0,0.56,0.41,0.407,5.4,123,79,0,0,1,0
2025-05-01,3,31,30,0,4,0,0,1,0,7,7,12,123,1,4,0.133,0.294,0.99,-0.405,-5.4,9.0,40,8,5,5,4,1,6,0,36,5.0,1.33,0.43,-0.095,0.4,151,98,2,0,0,1
2025-05-02,5,37,31,2,5,1,2,5,1,7,9,7,163,0,18,0.161,0.587,2.94,-0.203,-3.39,9.0,34,6,1,0,3,0,9,0,59,0.0,1.0,1.86,0.703,4.4,149,98,0,0,1,0
2025-05-02,8,34,31,1,6,0,0,3,0,9,11,5,149,0,12,0.194,0.459,3.47,-0.703,-4.4,9.0,37,5,2,2,5,1,7,1,51,2.0,1.11,0.95,0.203,3.4,163,96,2,0,0,1
2025-05-02,9,39,32,3,5,0,2,7,0,4,12,4,169,0,18,0.156,0.558,4.83,0.0,-2.35,8.0,33,7,4,4,2,1,4,0,54,4.5,1.13,1.28,-0.5,0.74,114,75,2,0,0,0
2025-05-02,4,33,30,4,7,0,4,2,1,4,12,9,114,2,8,0.233,0.636,1.65,0.499,-0.74,9.0,39,5,3,3,7,0,4,0,69,3.0,1.33,3.01,0.0,2.33,169,100,7,3,1,1
2025-05-02,1,37,33,2,6,0,2,3,1,6,9,6,145,1,16,0.182,0.452,2.33,-0.254,-3.37,8.0,36,9,6,5,2,2,4,1,67,5.63,1.38,1.85,-0.245,-1.22,141,90,4,2,0,0
2025-05-02,2,36,29,6,9,1,6,2,2,4,8,12,141,1,13,0.31,0.865,3.83,0.246,1.22,9.0,37,6,2,0,3,1,6,0,61,0.0,1.0,1.04,0.254,3.37,145,99,1,0,1,1
2025-05-02,3,47,42,5,17,0,5,4,0,8,7,7,151,0,27,0.405,0.876,2.07,0.114,-0.4,9.0,40,9,3,3,6,0,7,2,57,3.0,1.67,2.02,0.385,2.38,154,95,5,0,1,0
2025-05-02,7,40,33,3,9,2,3,6,0,7,11,6,154,1,20,0.273,0.9,4.36,-0.384,-2.41,9.0,47,17,5,3,4,0,8,0,28,3.0,2.33,0.47,-0.115,0.4,151,100,0,0,0,1
2025-05-02,6,43,40,3,8,2,3,3,0,13,9,13,183,1,11,0.2,0.631,2.36,-0.236,-3.56,11.0,46,6,2,2,5,2,8,0,51,1.64,1.0,2.23,0.733,3.58,175,108,3,0,1,0
2025-05-02,0,46,38,2,6,0,2,5,2,8,11,7,175,1,24,0.158,0.5,4.16,-0.733,-3.57,11.0,43,8,3,3,3,0,13,2,63,2.45,1.0,1.64,0.235,3.59,183,120,0,0,0,1
2025-05-03,5,34,29,1,7,0,1,5,0,5,7,8,127,4,13,0.241,0.629,5.12,-0.328,-4.38,8.0,33,7,4,0,1,0,7,0,58,0.0,1.0,0.32,-0.171,0.78,134,84,0,0,0,0
2025-05-03,8,33,32,4,7,0,4,1,0,7,9,7,134,0,12,0.219,0.523,1.31,0.17,-0.79,9.0,34,7,1,1,5,0,5,0,60,1.0,1.33,1.28,0.33,4.38,127,75,4,1,1,1
2025-05-03,9,49,44,13,19,2,13,3,2,8,13,9,169,1,20,0.432,1.217,1.43,0.58,7.64,9.0,39,11,4,4,1,0,3,1,35,4.0,1.33,0.64,-0.079,0.38,143,94,3,0,1,0
2025-05-03,4,39,38,4,11,1,4,1,0,3,7,7,143,1,13,0.289,0.755,2.0,0.08,-0.4,9.0,49,19,13,13,3,2,8,2,29,13.0,2.44,0.65,-0.579,-7.63,169,111,1,1,0,1
2025-05-03,1,40,37,6,10,1,6,3,0,11,7,7,169,0,15,0.27,0.757,2.6,0.313,0.63,9.0,32,4,1,1,2,0,10,0,71,1.0,0.67,0.39,0.186,4.38,129,79,0,0,1,0
2025-05-03,2,32,30,1,4,0,1,2,0,10,7,8,129,1,10,0.133,0.355,1.41,-0.186,-4.4,9.0,40,10,6,6,3,0,11,1,41,6.0,1.44,0.65,-0.313,-0.62,169,116,5,3,0,1
2025-05-03,3,35,32,0,6,0,0,3,0,7,9,9,138,0,14,0.188,0.445,0.94,-0.21,-5.37,8.0,45,13,9,9,8,0,5,0,12,10.13,2.63,0.15,-0.29,-4.21,172,96,2,2,0,0
2025-05-03,7,45,37,9,13,0,9,8,0,5,8,9,172,0,21,0.351,0.926,1.09,0.289,4.21,9.0,35,6,0,0,3,0,7,0,66,0.0,1.0,0.18,0.211,5.38,138,92,0,0,1,1
2025-05-04,5,35,33,4,7,2,4,1,1,4,11,5,123,1,9,0.212,0.742,0.96,-0.093,-1.37,8.0,43,9,12,12,13,1,3,3,19,13.5,2.75,0.22,-0.408,-8.22,175,91,4,2,0,0
2025-05-04,8,43,29,12,9,3,11,13,1,3,13,6,175,3,14,0.31,1.156,0.9,0.407,8.21,9.0,35,7,4,4,1,1,4,2,52,4.0,0.89,0.21,0.093,1.39,123,86,0,0,1,1
2025-05-04,9,46,40,9,13,3,9,5,1,8,11,13,190,0,17,0.325,1.013,1.54,0.716,3.63,9.0,40,10,6,6,4,0,1,0,32,6.0,1.56,1.29,-0.216,-0.62,142,92,4,3,1,0
2025-05-04,4,40,35,6,10,0,6,4,0,1,11,6,142,2,18,0.286,0.693,2.1,0.215,0.62,9.0,46,13,9,9,5,1,8,3,34,9.0,2.0,0.8,-0.715,-3.63,190,117,6,3,0,1
2025-05-04,1,45,40,11,15,2,11,2,2,5,5,13,171,0,15,0.375,1.072,0.85,0.641,5.62,9.0,37,8,6,6,5,0,4,3,29,6.0,1.44,0.47,-0.142,-0.61,141,85,0,0,1,0
2025-05-04,2,37,31,6,8,3,5,5,0,4,13,8,141,2,9,0.258,0.899,1.54,0.142,0.62,9.0,45,15,11,11,2,2,5,2,31,11.0,1.89,0.56,-0.641,-5.61,171,118,1,0,0,1
2025-05-04,3,36,34,4,7,0,4,2,0,9,7,5,135,0,11,0.206,0.485,2.88,-0.147,-1.37,8.0,35,8,5,5,4,2,6,1,51,5.63,1.5,1.12,-0.354,-0.23,122,73,5,3,0,0
2025-05-04,7,35,29,5,8,1,5,4,2,6,12,5,122,1,9,0.276,0.848,2.41,0.352,0.21,9.0,36,7,4,4,2,0,9,0,49,4.0,1.0,1.62,0.147,1.39,135,92,0,0,1,1
2025-05-04,6,37,31,3,6,0,3,2,3,11,11,6,138,0,13,0.194,0.587,5.99,0.015,-2.37,9.0,32,3,1,0,2,0,9,0,74,0.0,0.56,1.3,0.486,4.38,130,87,0,0,1,0
2025-05-04,0,32,30,1,3,0,0,2,0,9,8,6,130,1,10,0.1,0.256,2.72,-0.484,-4.38,9.0,37,6,3,3,2,3,11,0,76,3.0,0.89,1.35,-0.015,2.38,138,90,2,0,0,1
2025-05-05,8,37,31,2,7,0,2,4,1,9,5,12,129,2,17,0.226,0.55,3.88,-0.316,-2.38,8.0,38,10,5,5,4,0,5,1,45,5.63,1.75,0.47,-0.185,-0.23,154,91,3,1,0,0
2025-05-05,1,38,33,5,10,1,5,4,0,5,9,5,154,0,16,0.303,0.792,1.4,0.184,0.24,9.0,37,7,2,2,4,1,9,0,62,2.0,1.22,1.0,0.315,2.38,129,76,2,1,1,1
2025-05-05,5,40,36,7,10,1,7,3,0,8,14,3,146,0,14,0.278,0.777,1.41,0.332,1.61,9.0,29,3,1,1,1,0,4,0,74,1.0,0.44,0.21,0.169,4.38,99,69,0,0,1,0
2025-05-05,4,29,28,1,3,0,1,1,0,4,11,5,99,2,2,0.107,0.281,1.21,-0.17,-4.39,9.0,40,10,7,7,3,0,8,1,33,7.0,1.44,0.2,-0.33,-1.62,146,91,0,0,0,1
2025-05-05,9,36,35,6,10,0,6,0,0,2,9,12,121,0,7,0.286,0.649,2.0,0.053,0.63,9.0,36,7,2,2,2,0,5,1,72,2.0,1.0,0.61,0.446,3.38,137,94,0,0,1,0
2025-05-05,7,36,34,2,7,1,2,2,0,5,8,12,137,1,17,0.206,0.544,1.4,-0.446,-3.37,9.0,36,10,6,6,0,0,2,0,49,6.0,1.11,0.54,-0.055,-0.61,121,85,4,3,0,1
2025-05-05,0,50,41,13,15,1,13,7,1,8,10,6,200,0,25,0.366,0.972,1.5,0.349,7.61,9.0,35,7,1,1,2,0,9,0,61,1.0,1.0,0.16,0.15,4.37,139,91,0,0,1,0
2025-05-05,3,35,33,1,7,0,1,2,0,9,10,8,139,1,13,0.212,0.53,0.59,-0.151,-4.4,9.0,50,15,13,13,7,1,8,1,23,13.0,2.44,0.26,-0.349,-7.62,200,118,2,2,0,1
2025-05-05,2,31,30,1,5,1,1,1,0,8,4,7,140,1,6,0.167,0.461,4.38,-0.523,-4.38,8.0,34,9,3,3,1,0,8,1,60,3.38,1.25,0.81,0.022,1.79,120,82,1,0,0,0
2025-05-05,6,34,32,3,9,1,3,1,0,8,10,5,120,0,14,0.281,0.678,2.44,-0.021,-1.79,9.0,31,5,1,1,1,0,8,1,71,1.0,0.67,1.66,0.523,4.38,140,92,0,0,1,1
2025-05-06,8,38,33,5,9,2,5,2,0,7,17,3,160,0,13,0.273,0.821,1.92,0.184,-0.35,9.0,33,6,1,1,1,0,6,0,70,1.0,0.78,0.52,0.317,3.34,138,94,0,0,1,0
2025-05-06,1,33,32,1,6,0,1,1,0,6,9,6,138,1,8,0.188,0.431,1.36,-0.317,-3.35,9.0,38,9,5,5,2,0,7,2,37,5.0,1.22,0.34,-0.182,0.34,160,104,1,0,0,1
2025-05-06,5,33,29,0,3,0,0,3,1,9,7,7,124,1,11,0.103,0.315,1.19,-0.277,-4.39,8.0,34,7,6,5,4,0,5,2,37,5.63,1.38,0.24,-0.225,-1.22,150,83,1,0,0,0
2025-05-06,4,34,29,6,7,2,6,4,0,5,6,11,150,2,9,0.241,0.85,1.45,0.225,1.22,9.0,33,3,0,0,3,1,9,0,77,0.0,0.67,0.29,0.277,4.38,124,81,0,0,1,1
2025-05-06,9,42,37,6,11,2,5,4,0,3,8,5,162,1,21,0.297,0.934,2.16,0.211,0.62,9.0,37,11,3,3,1,0,11,0,63,3.0,1.33,1.58,0.287,2.38,152,102,3,1,1,0
2025-05-06,7,37,36,3,11,0,3,1,0,11,13,9,152,1,14,0.306,0.713,1.91,-0.289,-2.38,9.0,42,11,6,5,4,0,3,2,38,5.0,1.67,0.53,-0.214,-0.62,162,108,3,0,0,1
2025-05-06,0,42,33,5,9,0,4,7,1,5,9,8,165,3,23,0.273,0.708,3.46,0.228,-0.37,9.0,36,7,3,3,3,0,8,0,54,3.0,1.11,1.6,0.275,2.37,128,86,1,0,1,0
2025-05-06,3,36,33,3,7,0,3,3,0,8,8,12,128,0,14,0.212,0.551,2.37,-0.273,-2.39,9.0,42,9,5,5,7,1,5,0,46,5.0,1.78,1.64,-0.225,0.39,165,92,4,1,0,1
2025-05-06,2,40,33,1,6,0,1,6,1,8,10,4,166,0,20,0.182,0.507,4.84,-0.434,-4.38,8.0,32,9,3,3,1,0,5,0,48,3.38,1.25,0.65,-0.066,1.78,126,88,0,0,0,0
2025-05-06,6,32,30,3,9,0,3,1,0,5,7,10,126,0,15,0.3,0.69,1.96,0.064,-1.79,9.0,40,6,1,1,6,1,8,0,58,1.0,1.33,1.3,0.434,4.39,166,99,2,0,1,1
2025-05-07,8,36,32,2,6,0,2,3,1,9,9,6,134,1,15,0.188,0.497,2.34,-0.177,-3.37,8.0,37,8,5,5,6,0,7,0,55,5.63,1.75,1.49,-0.323,-0.23,135,82,5,3,0,0
2025-05-07,1,37,31,5,8,0,5,6,0,7,12,3,135,1,18,0.258,0.701,2.53,0.322,0.23,9.0,36,6,2,2,3,1,9,0,65,2.0,1.0,1.36,0.178,3.36,134,88,3,0,1,1
2025-05-07,5,32,30,2,7,0,2,2,0,10,7,7,122,3,6,0.233,0.581,0.71,-0.247,-3.35,8.0,39,13,6,6,3,0,8,1,24,6.75,2.0,0.31,-0.254,-1.22,145,92,2,2,0,0
2025-05-07,4,39,34,6,13,1,6,3,0,8,7,4,145,1,20,0.382,0.95,1.65,0.254,1.23,9.0,32,7,2,1,2,0,10,0,73,1.0,1.0,0.35,0.247,3.38,122,87,3,1,1,1
2025-05-07,9,46,37,12,13,2,12,7,0,6,13,7,176,1,12,0.351,1.093,0.99,0.256,6.64,9.0,35,8,2,2,1,0,6,2,62,2.0,1.0,0.83,0.246,3.34,145,94,3,0,1,0
2025-05-07,7,35,34,2,8,2,2,1,0,6,10,7,145,1,12,0.235,0.757,1.7,-0.246,-3.36,9.0,46,13,12,11,7,0,6,2,28,11.0,2.22,0.27,-0.254,-6.65,176,117,2,0,0,1
2025-05-07,0,46,36,10,10,0,9,8,2,7,8,6,192,1,18,0.278,0.879,2.1,0.185,4.65,8.0,39,9,11,11,6,0,8,2,62,12.38,1.88,1.23,-0.685,-6.22,157,86,4,4,0,0
2025-05-07,3,39,32,11,9,2,11,6,0,8,9,8,157,0,11,0.281,0.958,2.19,0.684,6.23,9.0,46,10,10,9,8,2,7,0,40,9.0,2.0,0.96,-0.186,-4.63,192,114,6,5,1,1
2025-05-07,2,43,35,6,10,1,6,6,1,10,5,10,174,0,22,0.286,0.766,1.85,-0.195,0.63,8.0,43,13,10,10,5,0,8,2,30,11.25,2.25,0.74,-0.308,-5.22,161,104,8,5,0,0
2025-05-07,6,43,36,10,13,2,9,5,0,8,4,11,161,0,23,0.361,1.022,1.5,0.308,5.23,9.0,43,10,6,6,6,1,10,1,57,6.0,1.78,1.13,0.193,-0.63,174,101,3,0,1,1
2025-05-09,6,43,39,7,13,2,7,2,1,10,6,11,168,0,18,0.333,0.962,3.61,0.429,3.62,9.0,41,10,5,5,5,1,6,5,36,5.0,1.67,1.25,0.07,0.38,156,89,0,0,1,0
2025-05-09,3,41,34,5,10,5,5,5,1,6,4,12,156,2,15,0.294,1.165,2.31,-0.072,-0.38,9.0,43,13,7,7,2,1,10,2,61,7.0,1.67,1.71,-0.43,-3.64,168,114,5,2,0,1
2025-05-10,0,38,26,5,3,0,5,6,0,8,7,9,156,0,22,0.115,0.404,2.3,0.315,0.62,9.0,40,9,4,4,4,0,10,2,70,4.0,1.44,1.64,0.184,1.36,174,107,3,1,1,0
2025-05-10,5,40,36,4,9,2,4,4,0,10,9,8,174,0,16,0.25,0.797,3.86,-0.183,-1.36,9.0,38,3,5,2,6,0,8,0,64,2.0,1.0,1.15,-0.315,-0.62,156,93,1,0,0,1
2025-05-10,8,41,35,5,13,1,5,3,1,3,5,12,148,1,18,0.371,0.882,2.02,0.153,-0.38,9.0,37,8,4,4,3,0,9,1,52,4.0,1.22,1.96,0.348,1.38,160,94,0,0,1,0
2025-05-10,2,37,33,4,8,1,3,3,0,9,11,8,160,0,15,0.242,0.63,5.22,-0.347,-1.37,9.0,41,13,5,5,3,1,3,1,34,5.0,1.78,0.76,-0.151,0.37,148,91,1,0,0,1
2025-05-10,4,43,40,8,16,1,7,2,0,6,11,5,160,2,12,0.4,0.994,1.2,0.596,3.63,9.0,43,13,5,5,4,0,6,2,23,5.0,1.89,1.24,-0.095,-0.65,174,95,6,0,1,0
2025-05-10,7,43,39,5,13,2,5,4,0,6,12,6,174,1,21,0.333,0.933,2.81,0.095,0.63,9.0,43,16,8,6,2,0,6,1,15,6.0,2.0,0.53,-0.595,-3.62,160,111,2,1,0,1
2025-05-10,6,47,40,9,16,0,9,3,2,7,6,8,159,0,24,0.4,0.997,1.77,0.246,3.64,9.0,33,4,1,1,2,0,12,1,69,1.0,0.67,0.3,0.256,4.37,151,97,1,0,1,0
2025-05-10,3,33,31,1,4,1,1,2,0,12,5,13,151,0,11,0.129,0.44,1.21,-0.254,-4.36,9.0,47,16,9,9,3,2,7,0,41,9.0,2.11,0.78,-0.245,-3.64,159,94,5,3,0,1
2025-05-10,8,40,34,4,8,1,4,5,0,12,10,9,195,0,16,0.235,0.774,1.32,0.158,-1.36,9.0,38,4,1,0,5,2,8,0,66,0.0,1.0,1.11,0.341,4.38,150,92,1,0,1,0
2025-05-10,2,38,31,1,4,0,1,5,2,8,8,5,150,1,19,0.129,0.483,3.94,-0.341,-4.36,9.0,40,8,4,4,5,0,12,1,34,4.0,1.44,0.51,-0.16,1.37,195,123,1,0,0,1
2025-05-11,9,48,37,11,13,0,11,5,3,3,13,10,166,0,30,0.351,0.953,2.86,0.63,5.63,9.0,40,7,5,2,5,0,3,0,46,2.0,1.33,0.65,-0.131,0.37,153,95,0,0,1,0
2025-05-11,1,40,34,5,7,0,2,5,0,3,7,12,153,1,21,0.206,0.565,2.17,0.13,-0.37,9.0,48,13,11,11,5,3,3,0,16,11.0,2.0,0.51,-0.631,-5.63,166,98,2,2,0,1
2025-05-11,0,40,34,4,7,1,4,6,0,5,6,8,154,1,17,0.206,0.619,1.68,-0.16,-1.37,8.0,39,12,8,8,6,0,6,0,20,9.0,2.25,0.3,-0.34,-3.22,163,99,2,0,0,0
2025-05-11,5,39,30,8,12,0,8,6,0,6,14,7,163,2,19,0.4,1.007,0.94,0.341,3.23,9.0,40,7,4,3,6,0,5,1,48,3.0,1.44,0.61,0.161,1.37,154,95,2,1,1,1
2025-05-11,8,41,32,7,8,0,7,7,0,6,8,8,168,0,20,0.25,0.688,2.09,0.574,1.64,9.0,35,8,4,4,2,0,7,2,40,4.0,1.11,1.06,-0.076,1.38,140,92,0,0,1,0
2025-05-11,2,35,30,4,8,2,4,2,0,7,7,11,140,3,12,0.267,0.836,2.9,0.074,-1.37,9.0,41,8,7,6,7,0,6,0,51,6.0,1.67,1.23,-0.575,-1.64,168,95,8,4,0,1
2025-05-11,4,42,31,6,10,1,6,6,2,3,10,6,160,2,16,0.323,0.955,1.05,0.224,0.62,9.0,34,6,1,0,1,0,11,0,70,0.0,0.78,0.47,0.276,4.37,142,90,0,0,1,0
2025-05-11,7,34,33,1,6,0,0,1,0,11,6,13,142,0,11,0.182,0.388,1.68,-0.274,-4.37,9.0,42,10,6,6,6,2,3,1,38,6.0,1.78,0.34,-0.224,-0.62,160,95,0,0,0,1
2025-05-11,6,44,39,8,11,1,6,4,1,9,10,5,157,0,23,0.282,0.774,3.37,0.165,1.64,9.0,29,1,0,0,2,0,10,0,87,0.0,0.33,0.33,0.336,4.37,105,72,0,0,1,0
2025-05-11,3,29,27,0,1,0,0,2,0,10,9,9,105,0,4,0.037,0.14,1.6,-0.334,-4.35,9.0,44,11,8,7,4,1,9,1,40,7.0,1.67,0.36,-0.165,-1.64,157,96,1,1,0,1
2025-05-11,9,39,34,5,9,1,5,3,0,5,10,8,155,0,15,0.265,0.736,1.74,0.271,-0.35,9.0,37,7,2,2,2,2,6,0,51,2.0,1.0,0.93,0.228,2.38,160,106,0,0,1,0
2025-05-11,1,37,33,2,7,0,2,2,2,6,9,10,160,1,14,0.212,0.509,2.12,-0.229,-2.35,9.0,39,9,5,5,3,0,5,1,30,5.0,1.33,0.58,-0.271,0.38,155,102,3,2,0,1
2025-05-11,0,33,30,1,1,1,1,3,0,7,4,13,119,0,15,0.033,0.254,1.63,-0.252,-4.36,8.0,36,5,5,5,7,0,6,0,53,5.63,1.5,0.94,-0.248,-0.23,135,75,8,4,0,0
2025-05-11,5,36,28,5,5,0,5,7,0,6,16,6,135,0,15,0.179,0.583,4.51,0.247,0.24,9.0,33,1,1,1,3,0,7,1,77,1.0,0.44,0.57,0.252,4.37,119,76,0,0,1,1
2025-05-13,3,44,39,6,12,1,6,4,1,10,8,10,167,0,24,0.308,0.796,2.93,-0.051,0.65,8.0,40,12,9,9,5,0,5,4,22,10.13,2.13,0.7,-0.448,-5.22,177,97,3,1,0,0
2025-05-13,8,40,35,9,12,4,9,5,0,5,10,7,177,1,14,0.343,1.139,1.31,0.449,5.23,9.0,44,12,6,6,4,1,10,1,37,6.0,1.78,1.67,0.053,-0.63,167,111,3,1,1,1
2025-05-13,9,35,32,3,7,1,3,1,1,5,6,5,125,0,11,0.219,0.671,2.93,0.016,-2.36,8.0,37,9,6,6,5,0,11,1,65,6.75,1.75,1.59,-0.515,-1.24,142,94,4,1,0,0
2025-05-13,5,37,32,6,9,1,6,5,0,11,11,8,142,0,11,0.281,0.816,3.16,0.515,1.23,9.0,35,7,3,3,1,1,5,1,58,3.0,0.89,1.08,-0.014,2.37,125,82,0,0,1,1
2025-05-13,7,39,34,3,8,1,3,3,1,6,10,3,154,0,16,0.235,0.72,4.07,-0.336,-2.34,8.0,37,7,5,3,4,1,9,1,48,3.38,1.38,0.43,-0.165,-0.23,147,93,1,1,0,0
2025-05-13,2,37,30,5,7,1,4,4,1,9,10,10,147,1,20,0.233,0.676,1.35,0.164,0.24,9.0,39,8,3,3,3,1,6,1,57,3.0,1.22,0.82,0.336,2.38,154,98,0,0,1,1
2025-05-13,4,39,35,1,8,0,0,3,1,2,9,3,137,2,23,0.229,0.565,3.55,-0.439,-4.37,8.0,35,8,4,4,5,0,7,0,48,4.5,1.63,0.47,-0.061,0.77,150,88,3,1,0,0
2025-05-13,0,35,30,4,8,0,3,5,0,7,14,11,150,2,15,0.267,0.704,1.93,0.061,-0.76,9.0,39,8,1,0,3,1,2,0,58,0.0,1.22,1.56,0.439,4.36,137,83,4,1,1,1
2025-05-13,1,46,44,4,12,1,3,2,0,9,12,10,194,1,14,0.273,0.668,3.05,0.18,-2.54,11.0,42,11,3,1,2,0,7,1,54,0.82,1.18,1.77,0.319,3.57,167,113,0,0,1,0
2025-05-13,6,42,40,3,11,1,3,2,0,7,15,7,167,2,10,0.275,0.685,2.52,-0.32,-3.54,11.0,46,12,4,3,2,0,9,1,63,2.45,1.27,1.34,-0.183,2.55,194,123,3,0,0,1
2025-05-14,3,33,31,0,5,0,0,2,0,9,14,3,142,1,7,0.161,0.373,1.52,-0.256,-5.36,8.0,45,15,12,10,2,2,9,0,46,11.25,2.13,0.29,-0.244,-7.25,188,113,2,2,0,0
2025-05-14,8,45,41,12,15,0,11,2,2,9,9,6,188,0,26,0.366,1.007,1.67,0.244,7.26,9.0,33,5,0,0,2,0,9,0,67,0.0,0.78,0.19,0.255,5.34,142,97,0,0,1,1
2025-05-14,9,43,32,6,10,0,5,7,1,4,8,6,173,3,19,0.313,0.773,1.32,0.248,0.65,9.0,35,6,3,3,4,0,11,1,58,3.0,1.11,0.54,0.252,2.33,142,87,0,0,1,0
2025-05-14,5,35,31,3,6,1,2,4,0,11,13,7,142,0,9,0.194,0.576,1.9,-0.252,-2.35,9.0,43,10,6,4,7,1,4,0,25,4.0,1.89,0.46,-0.248,-0.65,173,97,3,0,0,1
2025-05-14,7,35,33,3,8,1,3,2,0,10,12,5,147,1,8,0.242,0.71,1.86,-0.074,-1.35,9.0,36,6,2,2,3,0,9,1,58,2.0,1.0,2.15,0.574,2.34,135,91,0,0,1,0
2025-05-14,2,36,33,2,6,1,2,3,0,9,8,5,135,0,10,0.182,0.614,3.99,-0.575,-2.36,9.0,35,8,3,3,2,0,10,1,53,3.0,1.11,0.77,0.075,1.34,147,99,0,0,0,1
2025-05-14,4,41,35,4,11,1,4,5,0,9,5,10,162,1,17,0.314,0.819,1.41,0.017,-2.36,9.0,36,8,0,0,1,1,7,0,57,0.0,1.0,1.18,0.484,4.35,133,95,2,0,1,0
2025-05-14,0,36,34,0,8,0,0,1,1,7,7,8,133,1,17,0.235,0.572,2.57,-0.484,-4.35,9.0,41,11,4,4,5,0,9,1,47,4.0,1.78,0.64,-0.017,2.34,162,101,0,0,0,1
2025-05-14,1,41,38,7,12,0,7,2,1,11,12,4,160,1,17,0.316,0.787,1.05,0.149,2.65,9.0,34,6,1,1,1,1,9,1,61,1.0,0.78,0.89,0.351,4.35,135,97,4,0,1,0
2025-05-14,6,34,32,1,6,1,1,1,1,9,8,4,135,1,7,0.188,0.516,3.07,-0.353,-4.34,9.0,41,12,7,7,2,1,11,0,49,7.0,1.56,0.52,-0.148,-2.64,160,93,0,0,0,1
2025-05-15,3,35,32,2,6,0,2,0,2,9,5,10,117,1,11,0.188,0.448,3.58,-0.317,-3.36,8.0,37,8,6,6,4,2,5,2,49,6.75,1.5,0.43,-0.183,-1.26,142,86,0,0,0,0
2025-05-15,8,37,31,6,8,2,6,4,2,5,5,11,142,0,10,0.258,0.862,1.36,0.183,1.25,9.0,35,6,2,1,0,2,9,0,71,1.0,0.67,1.62,0.318,3.34,117,86,2,1,1,1
2025-05-15,9,32,30,0,3,0,0,1,1,13,9,11,133,0,6,0.1,0.256,1.96,-0.458,-5.35,8.0,33,8,4,3,0,0,3,1,46,3.38,1.0,0.43,-0.041,0.75,138,96,0,0,0,0
2025-05-15,5,33,33,4,8,1,3,0,0,3,7,7,138,0,12,0.242,0.575,1.77,0.041,-0.77,9.0,32,3,0,0,1,1,13,0,77,0.0,0.44,0.57,0.457,5.34,133,87,0,0,1,1
2025-05-15,7,35,31,0,4,0,0,4,0,3,5,8,141,0,15,0.129,0.358,1.66,-0.24,-5.36,8.0,43,13,13,12,3,3,9,0,36,13.5,2.0,0.24,-0.259,-8.24,164,110,2,2,0,0
2025-05-15,2,43,34,13,13,0,12,3,3,9,16,6,164,1,20,0.382,1.04,0.98,0.258,8.26,9.0,35,4,0,0,4,0,3,0,67,0.0,0.89,0.28,0.24,5.34,141,89,0,0,1,1
2025-05-15,4,37,34,6,9,1,6,1,0,11,8,11,150,0,11,0.265,0.69,3.07,-0.136,1.67,8.0,37,12,7,7,2,0,4,1,26,7.88,1.75,0.41,-0.365,-2.26,135,91,0,0,0,0
2025-05-15,0,37,34,7,12,1,7,2,0,4,7,8,135,1,12,0.353,0.819,1.31,0.365,2.27,9.0,37,9,6,6,1,0,11,1,63,6.0,1.11,1.37,0.135,-1.66,150,97,2,1,1,1
2025-05-15,1,40,39,8,12,3,8,1,0,9,11,7,149,0,9,0.308,0.889,1.36,0.394,2.68,9.0,36,6,2,2,3,2,4,0,40,2.0,1.0,0.57,0.105,0.35,137,88,0,0,1,0
2025-05-15,6,36,31,2,6,0,2,3,2,4,9,4,137,1,12,0.194,0.5,1.72,-0.106,-0.36,9.0,40,12,8,8,1,0,9,3,23,8.0,1.44,0.42,-0.394,-2.65,149,99,0,0,0,1
2025-05-17,7,52,42,12,18,1,12,7,0,8,3,12,205,0,23,0.429,1.085,1.5,0.339,6.66,9.0,40,12,4,3,3,0,9,1,49,3.0,1.67,1.06,0.161,1.33,158,103,5,1,1,0
2025-05-17,8,40,36,4,12,1,4,3,0,9,4,10,158,1,19,0.333,0.847,2.76,-0.162,-1.34,9.0,52,18,12,11,7,0,8,1,34,11.0,2.78,0.71,-0.339,-6.67,205,117,5,2,0,1
2025-05-17,2,41,31,5,10,0,5,5,1,9,8,8,161,2,21,0.323,0.937,2.45,-0.02,-0.33,8.0,40,9,7,6,5,0,7,1,49,6.75,1.75,1.92,-0.479,-2.26,153,97,6,2,0,0
2025-05-17,4,40,33,7,9,1,7,5,0,7,7,5,153,0,25,0.273,0.783,3.23,0.478,2.24,9.0,41,10,5,5,5,1,9,0,33,5.0,1.67,1.21,0.022,0.34,161,102,1,0,1,1
2025-05-17,3,38,34,3,8,1,3,4,0,8,11,5,138,1,14,0.235,0.669,2.16,-0.045,-1.33,9.0,37,8,2,2,3,1,7,1,57,2.0,1.22,1.7,0.546,2.33,148,93,2,0,1,0
2025-05-17,9,37,33,2,8,1,2,3,1,7,10,7,148,0,17,0.242,0.718,8.5,-0.544,-2.35,9.0,38,8,3,3,4,0,8,1,47,3.0,1.33,0.71,0.045,1.33,138,88,0,0,0,1
2025-05-17,1,37,36,1,9,1,1,1,0,11,7,10,137,0,15,0.25,0.631,2.28,-0.311,-4.33,8.0,33,8,4,4,1,0,6,1,34,4.5,1.13,0.34,-0.19,-0.26,125,83,2,0,0,0
2025-05-17,0,33,32,4,8,1,4,1,0,6,8,7,125,0,9,0.25,0.711,0.91,0.189,0.25,9.0,37,9,1,1,1,0,11,1,62,1.0,1.11,0.73,0.311,4.34,137,95,1,0,1,1
2025-05-17,5,38,35,5,9,0,5,2,0,11,7,4,159,0,12,0.257,0.689,2.54,0.212,-0.34,9.0,34,7,2,2,1,0,12,1,77,2.0,0.89,0.89,0.286,3.33,147,109,0,0,1,0
2025-05-17,6,34,33,2,7,1,2,1,0,12,10,5,147,0,10,0.212,0.599,2.27,-0.288,-3.33,9.0,38,9,5,5,2,0,11,0,47,5.0,1.22,0.5,-0.213,0.34,159,105,1,0,0,1
2025-05-17,1,35,30,2,6,1,2,3,1,10,7,8,127,1,9,0.2,0.627,2.86,-0.368,-3.36,8.0,40,9,5,4,7,0,8,1,49,4.5,2.0,0.86,-0.135,-0.25,172,100,3,1,0,0
2025-05-17,0,40,33,5,9,1,3,7,0,8,7,7,172,0,24,0.273,0.824,2.74,0.135,0.24,9.0,35,6,2,2,3,1,10,1,63,2.0,1.0,1.11,0.367,3.34,127,81,0,0,1,1
2025-05-17,5,31,30,0,4,0,0,1,0,20,9,7,136,0,7,0.133,0.294,3.53,-0.741,-5.34,8.0,36,6,1,1,4,2,4,0,60,1.13,1.25,1.01,0.241,3.75,137,86,2,0,0,0
2025-05-17,6,36,30,1,6,0,1,4,2,4,4,2,137,1,22,0.2,0.566,4.98,-0.243,-3.75,9.0,31,4,0,0,1,0,20,0,95,0.0,0.56,2.52,0.741,5.33,136,95,0,0,1,1
2025-05-17,3,40,34,2,5,0,2,6,0,11,4,7,174,0,23,0.147,0.451,3.91,-0.394,-2.35,8.0,39,6,3,3,5,4,8,1,46,3.38,1.38,1.36,-0.106,1.75,142,83,3,2,0,0
2025-05-17,9,39,29,3,6,1,3,5,4,8,10,7,142,0,20,0.207,0.774,2.84,0.107,-1.74,9.0,40,5,2,1,6,0,11,0,66,1.0,1.22,2.79,0.393,2.34,174,101,6,1,1,1
2025-05-17,7,45,35,7,8,1,6,7,2,6,4,14,206,0,21,0.229,0.778,2.19,0.369,1.66,9.0,42,9,6,6,8,0,7,2,38,6.0,1.89,1.34,0.13,-0.67,175,104,2,2,1,0
2025-05-17,8,42,34,6,9,2,6,8,0,7,10,11,175,0,15,0.265,0.876,1.9,-0.132,0.67,9.0,45,8,7,6,7,2,6,1,54,6.0,1.67,1.73,-0.369,-1.68,206,115,11,4,0,1
2025-05-17,2,40,34,7,8,2,6,5,0,5,10,5,164,1,15,0.235,0.804,3.73,0.106,1.66,8.0,40,13,8,7,3,1,7,0,31,7.88,2.0,0.98,-0.606,-3.26,149,98,0,0,0,0
2025-05-17,4,40,35,8,13,0,7,3,1,7,10,7,149,1,17,0.371,0.825,1.49,0.606,3.26,9.0,40,8,7,6,5,0,5,2,36,6.0,1.44,1.83,-0.108,-1.67,164,100,4,2,1,1
2025-05-18,7,35,33,1,7,0,1,2,0,5,6,5,149,1,14,0.212,0.469,2.76,-0.226,-4.34,8.0,31,6,5,5,3,0,9,2,48,5.63,1.13,0.22,-0.274,-0.27,111,69,0,0,0,0
2025-05-18,8,31,28,5,6,2,5,3,0,9,13,7,111,2,6,0.214,0.79,0.71,0.274,0.28,9.0,35,7,1,1,2,0,5,0,61,1.0,1.0,0.65,0.225,4.32,149,95,4,0,1,1
2025-05-18,2,40,35,3,8,0,3,5,0,11,8,5,153,0,23,0.229,0.639,2.28,-0.321,-2.32,8.0,34,7,6,6,3,1,7,1,44,6.75,1.25,0.46,-0.178,-1.27,144,87,1,1,0,0
2025-05-18,4,34,29,6,7,1,6,3,1,7,5,8,144,0,14,0.241,0.712,1.41,0.178,1.26,9.0,40,8,3,3,5,0,11,0,63,3.0,1.44,1.19,0.322,2.32,153,95,2,0,1,1
2025-05-18,3,30,29,0,1,0,0,1,0,12,11,5,117,0,7,0.034,0.101,1.48,-0.451,-5.33,8.0,33,7,5,5,3,0,4,0,66,5.63,1.25,0.77,-0.051,-0.27,133,87,2,2,0,0
2025-05-18,9,33,30,5,7,0,5,3,0,4,6,10,133,0,10,0.233,0.603,3.88,0.051,0.27,9.0,30,1,0,0,1,0,12,0,91,0.0,0.22,0.47,0.45,5.33,117,76,1,0,1,1
2025-05-18,1,47,42,4,13,1,4,5,0,7,6,11,177,0,25,0.31,0.859,3.63,-0.238,-1.92,9.1,44,9,5,5,7,1,10,1,42,4.82,1.71,1.78,-0.263,1.91,184,111,4,1,0,0
2025-05-18,0,44,36,5,9,1,4,7,1,10,13,6,184,0,15,0.25,0.803,4.13,0.264,-1.91,10.0,47,13,4,4,5,0,7,1,46,3.6,1.8,2.43,0.237,1.91,177,110,6,1,1,1
2025-05-18,5,46,38,7,10,1,7,7,1,7,8,12,186,0,26,0.263,0.812,1.41,0.215,1.66,9.0,40,12,3,3,2,1,4,0,43,3.0,1.56,0.82,0.285,2.33,145,97,2,1,1,0
2025-05-18,6,40,35,3,12,0,3,2,1,4,7,13,145,1,17,0.343,0.785,1.67,-0.285,-2.32,9.0,46,10,7,5,7,1,7,1,30,5.0,1.89,0.62,-0.215,-1.67,186,106,3,2,0,1
2025-05-20,5,40,35,5,8,0,5,2,1,7,5,6,132,0,24,0.229,0.596,1.96,0.155,-0.31,9.0,40,10,3,3,2,0,15,1,42,3.0,1.33,1.67,0.344,2.32,146,99,2,0,1,0
2025-05-20,1,40,38,3,10,1,3,2,0,15,11,8,146,0,20,0.263,0.668,3.56,-0.344,-2.33,9.0,40,8,5,3,2,1,7,0,60,3.0,1.11,1.14,-0.157,0.33,132,92,5,1,0,1
2025-05-20,8,50,35,17,12,1,17,11,2,3,7,10,201,3,14,0.343,0.996,0.66,0.462,11.68,9.0,49,17,9,9,5,0,7,1,44,9.0,2.44,0.49,0.039,-3.67,218,137,4,3,1,0
2025-05-20,4,49,44,9,17,1,8,5,0,7,12,8,218,0,27,0.386,0.994,0.85,-0.038,3.67,9.0,50,12,17,17,11,2,3,1,5,17.0,2.56,0.33,-0.462,-11.68,201,112,4,4,0,1
2025-05-20,6,37,33,4,7,1,2,3,1,4,4,11,121,1,10,0.212,0.661,1.5,0.077,-1.33,9.0,36,4,1,1,4,1,10,0,66,1.0,0.89,0.86,0.424,3.32,149,95,2,0,1,0
2025-05-20,9,36,31,1,4,0,0,4,1,10,10,11,149,0,14,0.129,0.411,3.21,-0.424,-3.32,9.0,37,7,4,4,3,1,4,1,44,4.0,1.11,0.4,-0.076,1.32,121,77,0,0,0,1
2025-05-20,0,35,34,3,9,1,3,0,1,5,10,9,129,2,11,0.265,0.757,3.37,-0.344,-2.32,8.0,37,7,5,5,5,0,3,1,45,5.63,1.5,0.38,-0.155,-0.27,129,75,2,2,0,0
2025-05-20,7,37,32,5,7,1,4,5,0,3,10,6,129,0,12,0.219,0.73,1.04,0.153,0.27,9.0,35,9,3,3,0,1,5,1,57,3.0,1.0,0.92,0.346,2.32,129,89,1,1,1,1
2025-05-20,2,49,43,6,11,1,6,4,1,11,10,8,187,0,22,0.256,0.682,5.1,0.257,-0.52,11.0,45,9,3,3,4,1,9,0,72,2.45,1.18,2.4,0.242,3.5,158,99,0,0,1,0
2025-05-20,3,45,37,3,9,0,3,4,1,9,9,11,158,2,18,0.243,0.75,3.46,-0.243,-3.51,11.0,49,11,6,6,4,1,11,1,65,4.91,1.36,2.0,-0.258,0.5,187,122,4,1,0,1
2025-05-21,5,46,36,9,9,0,7,8,1,7,9,4,182,0,26,0.25,0.697,1.09,0.28,3.68,9.0,34,8,1,1,2,0,11,1,68,1.0,1.11,0.19,0.22,4.32,140,96,0,0,1,0
2025-05-21,1,34,32,1,8,1,1,2,0,11,8,10,140,3,7,0.25,0.7,0.9,-0.221,-4.34,9.0,46,9,9,8,8,1,7,0,48,8.0,1.89,0.42,-0.28,-3.69,182,102,3,3,0,1
2025-05-21,6,36,34,2,7,0,2,2,0,7,6,7,160,1,13,0.206,0.515,2.03,-0.281,-3.33,8.0,36,7,5,4,6,2,7,0,52,4.5,1.63,0.95,-0.219,0.74,139,88,6,1,0,0
2025-05-21,9,36,27,5,7,0,4,6,2,7,13,6,139,0,13,0.259,0.762,2.67,0.221,-0.75,9.0,36,7,2,2,2,0,7,0,59,2.0,1.0,1.28,0.279,3.32,160,108,0,0,1,1
2025-05-21,0,37,35,1,10,0,1,1,0,5,9,5,127,0,21,0.286,0.668,3.67,-0.483,-4.33,8.0,37,9,3,2,3,0,9,0,55,2.25,1.5,0.61,-0.018,1.73,143,97,0,0,0,0
2025-05-21,7,37,33,3,9,0,2,3,0,9,9,9,143,0,20,0.273,0.697,2.81,0.019,-1.73,9.0,37,10,1,1,1,0,5,0,60,1.0,1.22,1.4,0.482,4.32,127,86,0,0,1,1
2025-05-21,2,38,30,6,8,0,6,4,0,6,8,9,123,1,15,0.267,0.71,1.96,0.148,0.68,9.0,35,7,1,1,1,0,9,0,61,1.0,0.89,0.73,0.352,4.32,145,105,0,0,1,0
2025-05-21,3,35,34,1,7,0,1,1,0,9,6,10,145,0,12,0.206,0.464,2.74,-0.352,-4.32,9.0,38,8,6,6,4,0,6,0,60,6.0,1.33,0.43,-0.148,-0.68,123,80,1,0,0,1
2025-05-22,5,37,31,5,8,2,5,3,1,7,10,2,139,1,14,0.258,0.785,3.74,0.059,-0.34,8.0,38,11,6,6,3,0,10,1,64,6.75,1.75,2.12,-0.559,-3.26,142,90,4,1,0,0
2025-05-22,1,38,35,6,11,1,6,3,0,10,10,6,142,0,21,0.314,0.797,3.52,0.558,3.25,9.0,37,8,5,5,3,1,7,2,38,5.0,1.22,0.97,-0.057,0.32,139,86,2,1,1,1
2025-05-22,8,38,34,4,8,2,4,3,1,5,12,8,142,1,17,0.235,0.757,1.9,0.033,-1.31,8.0,47,13,11,10,5,4,2,0,16,11.25,2.25,0.56,-0.532,-7.26,187,103,3,2,0,0
2025-05-22,4,47,37,11,13,0,11,5,4,2,9,10,187,0,30,0.351,0.846,1.7,0.531,7.26,9.0,38,8,4,4,3,1,5,2,38,4.0,1.22,0.75,-0.031,1.33,142,86,2,0,1,1
2025-05-22,6,34,31,3,5,1,3,3,0,9,9,7,133,0,9,0.161,0.493,3.32,-0.337,-2.33,8.0,36,10,4,4,1,1,8,0,52,4.5,1.38,1.27,-0.165,0.74,151,104,4,1,0,0
2025-05-22,9,36,34,4,10,0,4,1,1,8,7,10,151,0,16,0.294,0.686,2.28,0.166,-0.76,9.0,34,5,3,3,3,0,9,1,52,3.0,0.89,1.89,0.334,2.33,133,84,4,1,1,1
2025-05-22,0,42,39,8,14,1,8,3,0,6,11,7,135,1,10,0.359,0.867,1.68,0.435,1.72,9.0,35,6,3,0,5,0,5,0,60,0.0,1.22,0.65,0.065,2.29,121,72,1,0,1,0
2025-05-22,7,35,30,3,6,0,1,5,0,5,12,6,121,5,13,0.2,0.514,2.41,-0.062,-2.28,9.0,42,14,8,7,3,0,6,1,20,7.0,1.89,0.35,-0.436,-1.72,135,91,0,0,0,1
2025-05-22,2,34,29,2,3,1,2,4,1,5,8,11,150,1,9,0.103,0.442,3.42,-0.123,-3.33,9.0,33,5,0,0,0,2,7,0,78,0.0,0.56,2.37,0.622,5.32,108,77,2,0,1,0
2025-05-22,3,33,31,0,5,0,0,0,2,7,12,8,108,1,13,0.161,0.373,2.66,-0.621,-5.3,9.0,34,3,2,2,4,1,5,1,66,2.0,0.78,1.35,0.122,3.32,150,87,2,0,0,1
2025-05-23,8,35,31,3,5,1,3,3,0,6,7,4,153,1,13,0.161,0.487,3.21,-0.062,-2.33,9.0,34,5,2,2,3,0,15,0,78,2.0,0.89,2.05,0.562,3.31,142,93,0,0,1,0
2025-05-23,5,34,31,2,5,0,1,3,0,15,12,9,142,0,12,0.161,0.396,5.14,-0.562,-3.31,9.0,35,5,3,3,3,0,6,1,56,3.0,0.89,0.7,0.061,2.31,153,97,0,0,0,1
2025-05-23,0,49,39,7,13,1,7,7,2,12,9,3,203,0,26,0.333,0.971,3.75,0.422,1.67,9.0,38,11,6,6,0,1,12,1,49,6.0,1.22,1.83,0.079,-0.66,136,97,2,0,1,0
2025-05-23,2,38,35,6,11,1,6,0,1,12,9,3,136,0,13,0.314,0.753,2.91,-0.079,0.67,9.0,49,13,7,6,7,2,12,1,40,6.0,2.22,1.35,-0.42,-1.67,203,124,3,2,0,1
2025-05-23,7,43,40,7,14,0,7,3,0,2,10,8,160,0,16,0.35,0.87,1.9,0.486,1.69,9.0,40,12,5,5,2,0,5,1,42,5.0,1.56,1.25,0.014,0.31,143,89,0,0,1,0
2025-05-23,3,40,35,5,12,1,5,2,0,5,10,9,143,1,22,0.343,0.788,2.67,-0.017,-0.32,9.0,43,14,7,7,3,0,2,0,31,7.0,1.89,0.76,-0.485,-1.69,160,104,2,2,0,1
2025-05-23,4,34,33,2,6,1,2,1,0,13,9,7,122,0,10,0.182,0.479,4.79,-0.367,-3.31,8.0,33,7,4,3,2,1,3,0,46,3.38,1.13,0.63,-0.135,1.72,108,72,2,1,0,0
2025-05-23,6,33,30,4,7,0,4,2,1,3,5,6,108,1,12,0.233,0.603,5.11,0.134,-1.71,9.0,34,6,2,2,1,0,13,1,77,2.0,0.78,1.62,0.366,3.31,122,93,1,1,1,1
2025-05-24,9,35,31,5,7,2,4,3,0,7,5,10,150,0,10,0.226,0.713,2.51,0.195,-0.32,9.0,36,6,1,1,5,1,9,0,60,1.0,1.22,0.86,0.304,3.31,143,83,0,0,1,0
2025-05-24,1,36,30,1,6,0,1,5,1,9,7,7,143,2,14,0.2,0.566,2.24,-0.305,-3.32,9.0,35,7,5,4,3,0,7,2,47,4.0,1.11,0.43,-0.196,0.31,150,93,2,1,0,1
2025-05-24,8,39,33,4,8,1,4,4,0,7,10,7,170,0,18,0.242,0.657,3.47,-0.034,-0.31,8.1,40,10,5,5,3,1,7,2,43,5.4,1.56,1.56,-0.467,1.31,154,100,3,0,0,0
2025-05-24,5,40,36,5,10,2,5,3,1,7,13,5,154,0,15,0.278,0.85,1.75,0.466,-1.29,9.0,39,8,4,3,4,0,7,1,48,3.0,1.33,1.61,0.033,0.31,170,103,3,0,1,1
2025-05-24,0,38,37,4,9,2,4,1,0,8,6,10,148,0,12,0.243,0.668,1.97,0.012,-1.31,8.0,39,9,8,7,8,0,5,0,41,7.88,2.13,1.76,-0.513,-3.28,171,101,5,3,0,0
2025-05-24,2,39,31,8,9,0,7,8,0,5,8,11,171,1,19,0.29,0.791,5.34,0.515,3.3,9.0,38,9,4,4,1,0,8,2,37,4.0,1.11,0.96,-0.014,1.31,148,95,0,0,1,1
2025-05-24,7,44,38,10,13,2,10,5,0,2,5,8,182,1,19,0.342,1.024,0.74,0.446,5.68,9.0,40,13,4,4,3,0,8,1,46,4.0,1.78,0.36,0.055,0.31,164,107,2,0,1,0
2025-05-24,3,40,36,4,13,1,3,3,0,8,11,11,164,1,19,0.361,0.872,2.27,-0.053,-0.29,9.0,44,13,10,10,5,0,2,2,11,10.0,2.0,0.27,-0.445,-5.69,182,111,2,1,0,1
2025-05-24,4,47,41,8,13,0,7,3,2,9,7,8,188,2,21,0.317,0.732,2.91,0.467,3.1,10.0,43,12,6,4,2,1,13,2,36,3.6,1.4,1.27,0.032,-0.1,167,106,3,0,1,0
2025-05-24,6,43,40,6,12,2,5,2,1,13,13,5,167,1,14,0.3,0.874,2.37,-0.032,0.11,10.0,47,13,8,7,3,2,9,0,44,6.3,1.6,1.72,-0.469,-3.1,188,123,5,3,0,1
2025-05-25,9,38,33,3,7,0,3,2,2,8,9,8,129,0,21,0.212,0.57,3.36,-0.308,-2.29,8.0,39,9,5,3,9,0,3,0,39,3.38,2.25,1.31,-0.19,-0.29,148,83,6,3,0,0
2025-05-25,1,39,28,5,9,0,4,9,0,3,10,8,148,3,23,0.321,0.783,3.41,0.19,0.29,9.0,38,7,3,3,2,2,8,0,54,3.0,1.0,1.47,0.308,2.31,129,85,1,0,1,1
2025-05-25,8,46,39,9,12,3,6,5,2,8,7,6,181,1,22,0.308,1.028,1.93,0.195,3.7,9.0,37,7,3,1,3,0,13,2,72,1.0,1.11,0.29,0.304,0.31,158,101,1,0,1,0
2025-05-25,5,37,34,3,7,2,3,3,0,13,12,6,158,1,14,0.206,0.682,1.69,-0.305,-0.31,9.0,46,12,9,7,5,2,8,3,51,7.0,1.89,0.58,-0.196,-3.71,181,106,3,3,0,1
2025-05-25,0,35,35,2,7,2,2,0,0,10,7,9,141,0,16,0.2,0.6,5.21,-0.401,-2.31,8.0,31,4,3,3,3,0,8,2,57,3.38,0.88,1.46,-0.098,3.31,126,80,1,0,0,0
2025-05-25,2,31,28,3,4,2,3,3,0,8,7,10,126,0,8,0.143,0.583,2.49,0.098,-3.31,9.0,35,7,2,2,0,0,10,2,65,2.0,0.78,1.76,0.402,2.31,141,97,0,0,1,1
2025-05-25,7,33,28,2,5,0,1,5,0,4,12,9,132,2,7,0.179,0.517,2.8,-0.133,-3.3,9.0,36,8,0,0,1,0,6,0,70,0.0,1.0,1.37,0.634,5.31,133,94,0,0,1,0
2025-05-25,3,36,35,0,8,0,0,1,0,6,7,8,133,1,13,0.229,0.507,1.95,-0.634,-5.3,9.0,33,5,2,2,5,0,4,0,53,2.0,1.11,0.98,0.133,3.3,132,81,3,1,0,1
2025-05-25,4,46,39,7,10,1,7,5,1,10,9,9,181,1,21,0.256,0.766,2.3,0.052,2.11,9.2,48,12,8,8,6,1,8,2,25,7.45,1.86,1.93,-0.551,-1.1,186,112,4,2,0,0
2025-05-25,6,48,40,8,12,2,7,6,1,8,8,8,186,0,18,0.3,0.879,2.89,0.553,1.11,10.0,46,10,7,7,5,1,10,1,28,6.3,1.5,2.0,-0.052,-2.11,181,113,1,0,1,1
2025-05-27,6,33,31,1,5,0,1,2,0,9,9,8,114,1,8,0.161,0.438,2.11,-0.604,-4.28,8.0,34,5,2,2,5,1,4,0,50,2.25,1.25,1.0,0.105,2.69,147,81,5,0,0,0
2025-05-27,8,34,28,2,5,0,2,5,1,4,9,6,147,0,11,0.179,0.538,2.29,-0.102,-2.7,9.0,33,5,1,1,2,0,9,0,68,1.0,0.78,1.64,0.604,4.29,114,75,0,0,1,1
2025-05-27,4,37,36,3,12,0,2,1,0,6,9,2,158,3,12,0.333,0.74,1.73,-0.252,-2.3,8.0,38,9,7,7,1,2,14,1,46,7.88,1.25,0.32,-0.248,-2.3,150,105,2,0,0,0
2025-05-27,2,38,34,7,9,1,4,1,2,14,12,6,150,0,16,0.265,0.706,0.97,0.247,2.3,9.0,37,12,3,3,1,0,6,0,55,3.0,1.44,0.49,0.252,2.29,158,110,1,1,1,1
2025-05-27,1,32,30,1,3,0,1,0,2,10,5,12,109,0,4,0.1,0.289,3.86,-0.589,-4.29,8.0,34,8,2,2,2,0,4,0,48,2.25,1.25,0.67,0.09,2.72,117,80,0,0,0,0
2025-05-27,7,34,31,2,8,0,2,2,0,4,13,3,117,0,18,0.258,0.626,6.21,-0.088,-2.71,9.0,32,3,1,1,0,2,10,0,78,1.0,0.33,1.8,0.59,4.31,109,81,2,0,1,1
2025-05-27,3,39,37,5,13,0,5,1,0,9,8,5,167,2,14,0.351,0.791,2.43,-0.012,-0.29,8.0,38,14,7,7,2,0,8,2,43,7.88,2.0,0.73,-0.489,-2.3,153,89,1,1,0,0
2025-05-27,0,38,36,7,14,2,7,2,0,8,11,5,153,1,13,0.389,1.004,2.32,0.487,2.29,9.0,39,13,5,5,1,0,9,0,58,5.0,1.56,1.2,0.011,0.28,167,105,1,0,1,1
2025-05-28,6,42,38,6,8,2,6,3,0,7,12,7,151,1,9,0.211,0.663,3.47,0.159,-0.47,10.1,41,10,5,5,0,1,10,3,57,4.35,0.97,1.87,0.23,1.16,150,106,0,0,1,0
2025-05-28,8,41,40,5,10,3,5,0,1,10,9,12,150,2,11,0.25,0.768,2.2,-0.229,-1.15,11.0,42,8,6,6,3,0,7,2,37,4.91,1.0,1.22,-0.158,0.47,151,94,1,0,0,1
2025-05-28,9,37,32,5,8,0,5,3,2,6,5,9,145,3,10,0.25,0.632,2.07,-0.05,1.71,8.0,46,13,13,10,9,0,8,4,25,11.25,2.75,0.49,-0.45,-8.32,185,110,5,1,0,0
2025-05-28,5,46,37,13,13,4,10,9,0,8,11,6,185,1,27,0.351,1.235,1.04,0.45,8.28,9.0,37,8,5,5,3,2,6,0,42,5.0,1.22,0.49,0.05,-1.71,145,94,0,0,1,1
2025-05-28,1,48,39,12,13,3,9,8,1,12,13,7,199,1,16,0.333,1.048,0.59,0.414,6.73,9.0,38,7,3,0,3,0,7,0,59,0.0,1.11,0.33,0.085,1.29,157,104,2,2,1,0
2025-05-28,7,38,35,3,7,0,3,3,0,7,7,5,157,0,12,0.2,0.52,1.09,-0.086,-1.31,9.0,48,13,12,11,8,1,12,3,38,11.0,2.33,0.19,-0.414,-6.72,199,113,3,2,0,1
2025-05-28,3,38,35,6,11,0,6,3,0,7,6,9,130,1,17,0.314,0.739,2.07,0.281,3.3,7.2,43,16,10,9,1,2,5,2,34,10.57,2.22,0.93,-0.77,-5.97,166,100,3,2,0,0
2025-05-28,0,43,37,10,16,2,8,1,2,5,11,5,166,0,18,0.432,1.182,2.41,0.771,5.98,8.0,38,11,6,6,3,0,7,0,22,6.75,1.75,0.84,-0.281,-3.31,130,89,3,0,1,1
